src_university,dst_person,relation,year
Đại học Stanford,Mitt Romney,ALUMNI_OF,
Đại học Harvard,Mitt Romney,ALUMNI_OF,
Đại học Yale,George W. Bush,ALUMNI_OF,
Đại học Harvard,George W. Bush,ALUMNI_OF,
Đại học Miami,Paul Ryan,ALUMNI_OF,
Đại học Princeton,Michelle Obama,ALUMNI_OF,
Đại học Harvard,Michelle Obama,ALUMNI_OF,
Đại học Columbia,Barack Obama,ALUMNI_OF,
Đại học Harvard,Barack Obama,ALUMNI_OF,
Đại học Georgetown,Bill Clinton,ALUMNI_OF,
Trường Dịch vụ Đối ngoại,Bill Clinton,ALUMNI_OF,
Đại học Oxford,Bill Clinton,ALUMNI_OF,
Đại học Oxford,Bill Clinton,ALUMNI_OF,
Đại học Yale,Bill Clinton,ALUMNI_OF,
Đại học Yale,Hillary Clinton,ALUMNI_OF,
Đại học Pennsylvania,Donald Trump,ALUMNI_OF,
Học viện Hải quân Hoa Kỳ,John McCain,ALUMNI_OF,
United States Military Academy,David Petraeus,ALUMNI_OF,
Đại học Princeton,David Petraeus,ALUMNI_OF,
Đại học Tổng hợp Sankt-Peterburg,Dmitry Anatolyevich Medvedev,ALUMNI_OF,
The New School,Shimon Peres,ALUMNI_OF,
Đại học New York,Shimon Peres,ALUMNI_OF,
Đại học Harvard,Shimon Peres,ALUMNI_OF,
Đại học Amherst,Calvin Coolidge,ALUMNI_OF,
Đại học Oxford,David Cameron,ALUMNI_OF,
Đại học Damascus,Bashar al-Assad,ALUMNI_OF,
Viện Công nghệ Massachusetts,Benjamin Netanyahu,ALUMNI_OF,
Đại học Harvard,Benjamin Netanyahu,ALUMNI_OF,
Đại học Harvard,John Adams,ALUMNI_OF,
Đại học Delaware,Joe Biden,ALUMNI_OF,
Đại học Yale,Dick Cheney,ALUMNI_OF,
Đại học Wyoming,Dick Cheney,ALUMNI_OF,
Đại học London,Nelson Mandela,ALUMNI_OF,
Đại học Witwatersrand,Nelson Mandela,ALUMNI_OF,
Đại học Harvard,John Quincy Adams,ALUMNI_OF,
Đại học Eureka,Ronald Reagan,ALUMNI_OF,
Somerville College,Margaret Thatcher,ALUMNI_OF,
Đại học Oxford,Margaret Thatcher,ALUMNI_OF,
Đại học Princeton,James Madison,ALUMNI_OF,
Đại học William & Mary,James Monroe,ALUMNI_OF,
Đại học Harvard,Franklin D. Roosevelt,ALUMNI_OF,
Đại học William và Mary,Thomas Jefferson,ALUMNI_OF,
Đại học Pennsylvania,William Henry Harrison,ALUMNI_OF,
Đại học William & Mary,John Tyler,ALUMNI_OF,
Đại học North Carolina ở Chapel Hill,James K. Polk,ALUMNI_OF,
Đại học Miami,Benjamin Harrison,ALUMNI_OF,
Đại học Stanford,Herbert Hoover,ALUMNI_OF,
Đại học Yale,William Howard Taft,ALUMNI_OF,
Đại học Harvard,Theodore Roosevelt,ALUMNI_OF,
Đại học Princeton,Woodrow Wilson,ALUMNI_OF,
Đại học Johns Hopkins,Woodrow Wilson,ALUMNI_OF,
Đại học Dickinson,James Buchanan,ALUMNI_OF,
Đại học Michigan,Gerald Ford,ALUMNI_OF,
Đại học Yale,Gerald Ford,ALUMNI_OF,
Học viện Quân sự Hoa Kỳ,Dwight D. Eisenhower,ALUMNI_OF,
Đại học Yale,George H. W. Bush,ALUMNI_OF,
Trường Cao đẳng Marietta,Charles G. Dawes,ALUMNI_OF,
Đại học Cincinnati,Charles G. Dawes,ALUMNI_OF,
Đại học Uppsala,Dag Hammarskjöld,ALUMNI_OF,
Đại học Stockholm,Dag Hammarskjöld,ALUMNI_OF,
Đại học Warsaw,Menachem Begin,ALUMNI_OF,
Học viện Quân sự Hoa Kỳ,Ulysses S. Grant,ALUMNI_OF,
Đại học Harvard,John F. Kennedy,ALUMNI_OF,
Đại học Harvard,Henry Kissinger,ALUMNI_OF,
Boston University,Óscar Arias,ALUMNI_OF,
University of Costa Rica,Óscar Arias,ALUMNI_OF,
University of Essex,Óscar Arias,ALUMNI_OF,
Học viện Công nghệ Georgia,Jimmy Carter,ALUMNI_OF,
Học viện Hải quân Hoa Kỳ,Jimmy Carter,ALUMNI_OF,
Đại học Cairo,Mohamed ElBaradei,ALUMNI_OF,
Đại học New York,Mohamed ElBaradei,ALUMNI_OF,
Đại học Tokyo,Satō Eisaku,ALUMNI_OF,
Đại học Oulu,Martti Ahtisaari,ALUMNI_OF,
Đại học Wisconsin–Madison,Ellen Johnson Sirleaf,ALUMNI_OF,
Chittagong College,Muhammad Yunus,ALUMNI_OF,
Đại học Dhaka,Muhammad Yunus,ALUMNI_OF,
Đại học Vanderbilt,Muhammad Yunus,ALUMNI_OF,
Trường Luật Đại học Duke,Richard Nixon,ALUMNI_OF,
Đại học Greenwich,Abiy Ahmed,ALUMNI_OF,
New York University,Rudy Giuliani,ALUMNI_OF,
Đại học Kansas,Juan Manuel Santos,ALUMNI_OF,
Trường Kinh tế và Khoa học Chính trị Luân Đôn,Juan Manuel Santos,ALUMNI_OF,
Đại học Harvard,Juan Manuel Santos,ALUMNI_OF,
Đại học Quốc gia Moskva,Mikhail Sergeyevich Gorbachyov,ALUMNI_OF,
Đại học Princeton,Maria Ressa,ALUMNI_OF,
Đại học Leipzig,Angela Merkel,ALUMNI_OF,
Đại học Columbia,Isaac Asimov,ALUMNI_OF,1948
Đại học Oxford,Aung San Suu Kyi,ALUMNI_OF,
Đại học London,Aung San Suu Kyi,ALUMNI_OF,
Đại học Yale,Ron DeSantis,ALUMNI_OF,
Đại học Harvard,Ron DeSantis,ALUMNI_OF,
Đại học Princeton,John Foster Dulles,ALUMNI_OF,
Đại học George Washington,John Foster Dulles,ALUMNI_OF,
Đại học Freiburg,Konrad Adenauer,ALUMNI_OF,
Đại học Ludwig Maximilian München,Konrad Adenauer,ALUMNI_OF,
Đại học Bonn,Konrad Adenauer,ALUMNI_OF,
Đại học Emory,Newt Gingrich,ALUMNI_OF,
Đại học Tulane,Newt Gingrich,ALUMNI_OF,
École spéciale militaire de Saint-Cyr,Charles de Gaulle,ALUMNI_OF,
Đại học Tổng hợp Sankt-Peterburg,Vladimir Vladimirovich Putin,ALUMNI_OF,
Đại học Howard,Kamala Harris,ALUMNI_OF,
Trường Luật Hastings,Kamala Harris,ALUMNI_OF,
Viện Công nghệ Massachusetts,Lawrence Summers,ALUMNI_OF,
Đại học Harvard,Lawrence Summers,ALUMNI_OF,
Đại học Harvard,Harry R. Lewis,ALUMNI_OF,
Trường Harrow,Winston Churchill,ALUMNI_OF,
Đại học Tôn Trung Sơn Moskva,Đặng Tiểu Bình,ALUMNI_OF,
Đại học Bonn,Guido Westerwelle,ALUMNI_OF,
Đại học Freiburg,Wolfgang Schäuble,ALUMNI_OF,
Đại học Hamburg,Wolfgang Schäuble,ALUMNI_OF,
Đại học Harvard,Ban Ki-moon,ALUMNI_OF,
Đại học Tübingen,Horst Köhler,ALUMNI_OF,
Đại học Heidelberg,Helmut Kohl,ALUMNI_OF,
Đại học Hamburg,Olaf Scholz,ALUMNI_OF,
Đại học Göttingen,Sigmar Gabriel,ALUMNI_OF,
École nationale d'administration,Jacques Chirac,ALUMNI_OF,
Đại học London,Robert Mugabe,ALUMNI_OF,
Trường Quốc gia Hành chính Pháp,Édouard Philippe,ALUMNI_OF,
Đại học Notre Dame,Condoleezza Rice,ALUMNI_OF,
Đại học Göttingen,Otto von Bismarck,ALUMNI_OF,
Trường Đại học Paris I,Manuel Valls,ALUMNI_OF,
Đại học Panthéon-Assas,Gabriel Attal,ALUMNI_OF,
Đại học Paris Nanterre,Nicolas Sarkozy,ALUMNI_OF,
Đại học Bonn,Joseph Goebbels,ALUMNI_OF,
Đại học Freiburg,Joseph Goebbels,ALUMNI_OF,
Đại học Heidelberg,Joseph Goebbels,ALUMNI_OF,
Đại học,Marine Le Pen,ALUMNI_OF,
Trường Đại học Paris II,Marine Le Pen,ALUMNI_OF,
Đại học Paris,Émile Loubet,ALUMNI_OF,
Đại học Paris,Jean Casimir-Perier,ALUMNI_OF,
Đại học Paris,Raymond Poincaré,ALUMNI_OF,
Đại học Paris,Armand Fallières,ALUMNI_OF,
Đại học Paris,Paul Deschanel,ALUMNI_OF,
Đại học Paris,Gaston Doumergue,ALUMNI_OF,
Đại học Paris,Alexandre Millerand,ALUMNI_OF,
Trường Bách khoa Paris,Valéry Giscard d'Estaing,ALUMNI_OF,
Trường Hành chính quốc gia (Pháp),Valéry Giscard d'Estaing,ALUMNI_OF,
École Normale Supérieure,Georges Pompidou,ALUMNI_OF,
Đại học Panthéon-Assas,François Hollande,ALUMNI_OF,
École nationale d'administration,François Hollande,ALUMNI_OF,
Đại học Paris Nanterre,Emmanuel Macron,ALUMNI_OF,
École nationale d'administration,Emmanuel Macron,ALUMNI_OF,
Đại học Keio,Ishiba Shigeru,ALUMNI_OF,
Đại học Paris,François Mitterrand,ALUMNI_OF,
Đại học Amsterdam,Charles Michel,ALUMNI_OF,
Đại học Leeds,Keir Starmer,ALUMNI_OF,
Đại học Oxford,Keir Starmer,ALUMNI_OF,
Đại học Malta,Robert Abela,ALUMNI_OF,
Đại học Gdańsk,Donald Tusk,ALUMNI_OF,
en:Babeș-Bolyai University,Klaus Iohannis,ALUMNI_OF,
Đại học Latvia,Evika Siliņa,ALUMNI_OF,
Đại học Lisboa,António Costa,ALUMNI_OF,
Đại học Harvard,Kyriakos Mitsotakis,ALUMNI_OF,
Đại học Leiden,Mark Rutte,ALUMNI_OF,
Trường Kinh tế Stockholm,Magdalena Andersson,ALUMNI_OF,
Đại học Complutense Madrid,Pedro Sánchez,ALUMNI_OF,
Đại học Ljubljana,Janez Janša,ALUMNI_OF,
Đại học Paris,Paul Doumer,ALUMNI_OF,
Đại học Belgrano,Javier Milei,ALUMNI_OF,
Đại học nữ sinh Rama Devi,Droupadi Murmu,ALUMNI_OF,
Đại học Sapienza của Rome,Sergio Mattarella,ALUMNI_OF,
Đại học Tự trị Quốc gia México,Andrés Manuel López Obrador,ALUMNI_OF,
Đại học Aarhus,Frederik X của Đan Mạch,ALUMNI_OF,
Đại học Harvard,Frederik X của Đan Mạch,ALUMNI_OF,
Đại học Marmara,Recep Tayyip Erdoğan,ALUMNI_OF,
Đại học Gadjah Mada,Joko Widodo,ALUMNI_OF,
The New School,Sam Lansky,ALUMNI_OF,
Đại học Quốc gia Seoul,Yoon Suk-yeol,ALUMNI_OF,
Đại học Harvard,John Hancock,ALUMNI_OF,
Đại học Harvard,David Lloyd Johnston,ALUMNI_OF,
Đại học Cambridge,William Wordsworth,ALUMNI_OF,
Đại học Harvard,Leonard Bernstein,ALUMNI_OF,
Học viện âm nhạc Curtis,Leonard Bernstein,ALUMNI_OF,
Đại học Princeton,F. Scott Fitzgerald,ALUMNI_OF,
Đại học Oxford,John Henry Newman,ALUMNI_OF,
Đại học Villanova,Giáo hoàng Lêô XIV,ALUMNI_OF,
Đại học Tây Úc,Bob Hawke,ALUMNI_OF,
Đại học Oxford,Bob Hawke,ALUMNI_OF,
Đại học Oxford,John Turner,ALUMNI_OF,
Đại học Paris,John Turner,ALUMNI_OF,
Đại học Harvard,Lý Hiển Long,ALUMNI_OF,
Đại học Oxford,Clement Attlee,ALUMNI_OF,
Đại học Thanh Hoa,Tập Cận Bình,ALUMNI_OF,
Đại học Harvard,Álvaro Uribe,ALUMNI_OF,
Đại học Oxford,Indira Gandhi,ALUMNI_OF,
Eton College,Abhisit Vejjajiva,ALUMNI_OF,
Eton College,Robert Bridges,ALUMNI_OF,
Đại học Dartmouth,Dr. Seuss,ALUMNI_OF,
Đại học Oxford,Lewis Carroll,ALUMNI_OF,
Đại học Cambridge,Jawaharlal Nehru,ALUMNI_OF,
Đại học Yale,Howard Dean,ALUMNI_OF,
Đại học Yale,John C. Calhoun,ALUMNI_OF,
Đại học Yale,Dean Acheson,ALUMNI_OF,
Đại học Harvard,Dean Acheson,ALUMNI_OF,
"University of California, Berkeley",Jerry Brown,ALUMNI_OF,
Đại học Yale,Jerry Brown,ALUMNI_OF,
Đại học Cambridge,William Wilberforce,ALUMNI_OF,
Đại học Cambridge,Amartya Sen,ALUMNI_OF,
Đại học Cambridge,Ralph Vaughan Williams,ALUMNI_OF,
Đại học Santa Clara,Leon Panetta,ALUMNI_OF,
Đại học Delhi,Narendra Modi,ALUMNI_OF,
Đại học Gujarat,Narendra Modi,ALUMNI_OF,
Học viện Quân sự Virginia,George Marshall,ALUMNI_OF,
Trường Lục quân Bảo Định,Tưởng Giới Thạch,ALUMNI_OF,
Trường Shinbu Tokyo,Tưởng Giới Thạch,ALUMNI_OF,
Đại học Kinh tế Quốc dân Kyiv,Volodymyr Oleksandrovych Zelenskyy,ALUMNI_OF,
Học viện Kinh tế Kryvyi Rih,Volodymyr Oleksandrovych Zelenskyy,ALUMNI_OF,
Đại học Edinburg,Gordon Brown,ALUMNI_OF,
Barewa College,Umaru Musa Yar'Adua,ALUMNI_OF,
Đại học Ahmadu Belloy,Umaru Musa Yar'Adua,ALUMNI_OF,
Đại học Neuchâtel,Mohammad Mosaddegh,ALUMNI_OF,
Đại học Missouri–Trường Luật Thành phố Kansas,Harry S. Truman,ALUMNI_OF,
Học viện Công nghiệp Moskva,Nikita Sergeyevich Khrushchyov,ALUMNI_OF,
Đại học Alexandria,Anwar Al-Sadad,ALUMNI_OF,
Viện thần học Qom,Ruhollah Khomeini,ALUMNI_OF,
Đại học Mount Saint Vincent,Corazon Aquino,ALUMNI_OF,
Đại học Viễn Đông,Corazon Aquino,ALUMNI_OF,
Đại học Osnabrück,Christian Wulff,ALUMNI_OF,
Đại học Rostock,Joachim Gauck,ALUMNI_OF,
Đại học Y khoa Hannover,Philipp Rösler,ALUMNI_OF,
Đại học Giessen,Frank-Walter Steinmeier,ALUMNI_OF,
University of Halle,Lutz Graf Schwerin von Krosigk,ALUMNI_OF,
University of Lausanne,Lutz Graf Schwerin von Krosigk,ALUMNI_OF,
Đại học Oxford,Lutz Graf Schwerin von Krosigk,ALUMNI_OF,
Đại học Nuremberg,Ludwig Erhard,ALUMNI_OF,
Đại học Frankfurt am Main,Ludwig Erhard,ALUMNI_OF,
Đại học Công nghệ Quốc gia Athens,Alexis Tsipras,ALUMNI_OF,
Toulouse 1 University Capitole,Vincent Auriol,ALUMNI_OF,
Đại học Caen Normandy,René Coty,ALUMNI_OF,
Đại học Danube Krems,Karl Nehammer,ALUMNI_OF,
Đại học Kinh tế ở Bratislava,Andrej Babiš,ALUMNI_OF,
Đại học Aalborg,Mette Frederiksen,ALUMNI_OF,
Đại học Tampere,Sanna Marin,ALUMNI_OF,
University College Cork,Micheál Martin,ALUMNI_OF,
Đại học Vilnius,Gitanas Nausėda,ALUMNI_OF,
Đại học Thessaloniki,Xavier Bettel,ALUMNI_OF,
Đại học Nancy 2,Xavier Bettel,ALUMNI_OF,
Đại học Đông Carolina (Cử nhân Nghệ thuật),Linda McMahon,ALUMNI_OF,
Đại học Bang South Dakota,Kristi Noem,ALUMNI_OF,
Đại học Kenyon,Rutherford B. Hayes,ALUMNI_OF,
Đại học Harvard,Rutherford B. Hayes,ALUMNI_OF,
Học viện Công nghệ Tự trị Mexico,Felipe Calderón,ALUMNI_OF,
Trường Chính phủ John F. Kennedy,Felipe Calderón,ALUMNI_OF,
Đại học Harvard,T. S. Eliot,ALUMNI_OF,
Amherst College,Dan Brown,ALUMNI_OF,
Đại học Mississippi,William Faulkner,ALUMNI_OF,
Đại học Oxford,Theresa May,ALUMNI_OF,
Đại học Oxford,Harold Wilson,ALUMNI_OF,
Đại học Oxford,Harold Macmillan,ALUMNI_OF,
Trường Ngữ pháp Giáo hội Anh Sydney,John Gorton,ALUMNI_OF,
Trường Ngữ pháp Geelong,John Gorton,ALUMNI_OF,
Đại học Oxford,John Gorton,ALUMNI_OF,
Trường Tudor House,Malcolm Fraser,ALUMNI_OF,
Trường Ngữ pháp Geelong,Malcolm Fraser,ALUMNI_OF,
Trường Ngữ pháp Melbourne,Malcolm Fraser,ALUMNI_OF,
Đại học Oxford,Malcolm Fraser,ALUMNI_OF,
"Đại học Panjab, Chandigarh",Manmohan Singh,ALUMNI_OF,
Đại học Cambridge,Manmohan Singh,ALUMNI_OF,
Đại học Oxford,Manmohan Singh,ALUMNI_OF,
Đại học Hồi giáo Aligarh,Liaquat Ali Khan,ALUMNI_OF,
Đại học Oxford,Liaquat Ali Khan,ALUMNI_OF,
Lancing College,Evelyn Waugh,ALUMNI_OF,
Đại học Oxford,Evelyn Waugh,ALUMNI_OF,
Đại học Oxford,Graham Greene,ALUMNI_OF,
Đại học Cambridge,Oliver Cromwell,ALUMNI_OF,
Đại học Cambridge,Robert Walpole,ALUMNI_OF,
Đại học Harvard,Deval Patrick,ALUMNI_OF,
Đại học Harvard,Ted Kennedy,ALUMNI_OF,
University of Virginia,Ted Kennedy,ALUMNI_OF,
Đại học Harvard,Elbridge Gerry,ALUMNI_OF,
Viện Công nghệ Wentworth,John Volpe,ALUMNI_OF,
Texas A&M University,Rick Perry,ALUMNI_OF,
Đại học Harvard,William Weld,ALUMNI_OF,
Đại học Oxford,William Weld,ALUMNI_OF,
Đại học Texas tại Austin,Laura Bush,ALUMNI_OF,
Đại học Harvard,Charlie Baker,ALUMNI_OF,
Đại học Himachal,Hamid Karzai,ALUMNI_OF,
Đại học Texas tại Austin,Jeb Bush,ALUMNI_OF,
Đại học George Washington,Colin Powell,ALUMNI_OF,
Đại học Kwame Nkrumah,Kofi Annan,ALUMNI_OF,
Graduate Institute of International and Development Studies,Kofi Annan,ALUMNI_OF,
Đại học Princeton,Donald Rumsfeld,ALUMNI_OF,
Đại học Georgetown,Donald Rumsfeld,ALUMNI_OF,
Georgetown University,George Tenet,ALUMNI_OF,
Đại học Columbia,George Tenet,ALUMNI_OF,
Đại học Yale,John R. Bolton,ALUMNI_OF,
Đại học Harvard,John Roberts,ALUMNI_OF,
Đại học Sydney,John Howard,ALUMNI_OF,
Đại học Baghdad,Muntadhar al-Zaidi,ALUMNI_OF,
Trường Cao đẳng Bowdoin,Franklin Pierce,ALUMNI_OF,
Trường Luật Northampton,Franklin Pierce,ALUMNI_OF,
Đại học Trung ương Ohio,Warren G. Harding,ALUMNI_OF,
Trường Cao đẳng Hiram,James A. Garfield,ALUMNI_OF,
Trường Cao đẳng Williams,James A. Garfield,ALUMNI_OF,
Đại học Liên bang,Chester A. Arthur,ALUMNI_OF,
Trường Luật Quốc gia và Tiểu bang,Chester A. Arthur,ALUMNI_OF,
Đại học Quốc gia Texas,Lyndon B. Johnson,ALUMNI_OF,
Đại học Xavier,John Boehner,ALUMNI_OF,
Kansas State University,Sam Brownback,ALUMNI_OF,
Đại học Idaho,Sarah Palin,ALUMNI_OF,
Đại học Princeton,Jonathan Dayton,ALUMNI_OF,
Đại học Allegheny,William McKinley,ALUMNI_OF,
Đại học Mount Union,William McKinley,ALUMNI_OF,
Trường Luật Albany,William McKinley,ALUMNI_OF,
Hanover College,Mike Pence,ALUMNI_OF,
Indiana University Robert H. McKinney School of Law,Mike Pence,ALUMNI_OF,
Đại học Halle-Wittenberg,Frederick Muhlenberg,ALUMNI_OF,
Đại học Tiểu bang Louisiana,Mike Johnson,ALUMNI_OF,
Đại học Vanderbilt,John Nance Garner,ALUMNI_OF,
Đại học Bang California tại Bakersfield,Kevin McCarthy,ALUMNI_OF,
Đại học Texas tại Austin,Greg Abbott,ALUMNI_OF,
St. Mary's Episcopal College for Women,Lady Bird Johnson,ALUMNI_OF,
University of Texas at Austin,Lady Bird Johnson,ALUMNI_OF,
Đại học Wesley (Ohio),Lucy Webb Hayes,ALUMNI_OF,
Đại học Delaware,Jill Biden,ALUMNI_OF,
Đại học Villanova,Jill Biden,ALUMNI_OF,
Haverford College,Philip Noel-Baker,ALUMNI_OF,
Đại học Cambridge,Philip Noel-Baker,ALUMNI_OF,
Trường Trung học Tài chính Mokpo,Kim Dae-jung,ALUMNI_OF,
Đại học Cairo,Boutros Boutros-Ghali,ALUMNI_OF,
Đại học Pantheon-Sorbonne,Boutros Boutros-Ghali,ALUMNI_OF,
Đại học Arkansas,J. William Fulbright,ALUMNI_OF,
Đại học Oxford,J. William Fulbright,ALUMNI_OF,
Đại học George Washington,J. William Fulbright,ALUMNI_OF,
Đại học Cornell,Janet Reno,ALUMNI_OF,
Đại học Harvard,Janet Reno,ALUMNI_OF,
Viện Công nghệ Georgia,Sam Nunn,ALUMNI_OF,
Cornell University,Ruth Bader Ginsburg,ALUMNI_OF,
Đại học Harvard,Ruth Bader Ginsburg,ALUMNI_OF,
Đại học Columbia,Ruth Bader Ginsburg,ALUMNI_OF,
Đại học Fordham,Andrew Cuomo,ALUMNI_OF,
Trường luật Albany,Andrew Cuomo,ALUMNI_OF,
Trung học Dương Châu Đại học Trung ương Quốc lập Đại học Giao thông,Giang Trạch Dân,ALUMNI_OF,
Đại học Yale,Bob Woodward,ALUMNI_OF,1965
Đại học Arkansas,Mike Beebe,ALUMNI_OF,
Đại học Arkansas,Asa Hutchinson,ALUMNI_OF,
Dakota Wesleyan University,George McGovern,ALUMNI_OF,
Northwestern University,George McGovern,ALUMNI_OF,
Đại học Minnesota,Walter Mondale,ALUMNI_OF,
Đại học Columbia,Tim Kaine,ALUMNI_OF,
Đại học Harvard,Tim Kaine,ALUMNI_OF,
Học viện Quân sự Frunze,Hosni Mubarak,ALUMNI_OF,
University of Chicago,Bernie Sanders,ALUMNI_OF,
Union College,William H. Seward,ALUMNI_OF,
Đại học Oxford,Dean Rusk,ALUMNI_OF,
Đại học Colgate,William P. Rogers,ALUMNI_OF,
Đại học Columbia,John Jay,ALUMNI_OF,
Đại học Texas tại Austin,Rex Tillerson,ALUMNI_OF,
Đại học Yale,Henry L. Stimson,ALUMNI_OF,
Đại học Harvard,Henry L. Stimson,ALUMNI_OF,
Đại học Pennsylvania,Ed Rendell,ALUMNI_OF,
Transylvania University,Richard Mentor Johnson,ALUMNI_OF,
Đại học Harvard,Antony Blinken,ALUMNI_OF,
Đại học Columbia,Antony Blinken,ALUMNI_OF,
Học viện Quân sự Hoa Kỳ,Mike Pompeo,ALUMNI_OF,
Đại học Harvard,Mike Pompeo,ALUMNI_OF,
Đại học Princeton,George M. Dallas,ALUMNI_OF,
University of North Carolina at Chapel Hill,William R. King,ALUMNI_OF,
Đại học Princeton,John C. Breckinridge,ALUMNI_OF,
Học viện Canandaigua,Stephen A. Douglas,ALUMNI_OF,
Hanover College,Thomas A. Hendricks,ALUMNI_OF,
Illinois Wesleyan University,Adlai Stevenson I,ALUMNI_OF,
Centre College,Adlai Stevenson I,ALUMNI_OF,
Wabash College,Thomas R. Marshall,ALUMNI_OF,
University of Virginia,Alben W. Barkley,ALUMNI_OF,
Đại học Minnesota,Hubert Humphrey,ALUMNI_OF,
Đại học Tiểu bang Iowa,Henry A. Wallace,ALUMNI_OF,
Đại học Bang Ohio,JD Vance,ALUMNI_OF,
Đại học Yale,JD Vance,ALUMNI_OF,
Đại học Pennsylvania,Ivanka Trump,ALUMNI_OF,
Đại học Bang Minnesota,Tim Walz,ALUMNI_OF,
Đại học mở ở Hà Lan,Geert Wilders,ALUMNI_OF,
Đại học Milano,Silvio Berlusconi,ALUMNI_OF,
Dulwich College,Nigel Farage,ALUMNI_OF,
Đại học quốc gia La Plata,Cristina Fernández de Kirchner,ALUMNI_OF,
Học viện Quân sự Venezuela,Hugo Chávez,ALUMNI_OF,
Universidade Federal do Rio Grande do Sul,Getúlio Vargas,ALUMNI_OF,
Đại học Columbia,Neil Gorsuch,ALUMNI_OF,
Đại học Harvard,Neil Gorsuch,ALUMNI_OF,
Đại học Oxford,Neil Gorsuch,ALUMNI_OF,
Đại học Yale,Brett Kavanaugh,ALUMNI_OF,
Đại học Notre Dame,Amy Coney Barrett,ALUMNI_OF,
Đại học Princeton,Robert Mueller,ALUMNI_OF,
Đại học New York,Robert Mueller,ALUMNI_OF,
Đại học Virginia,Robert Mueller,ALUMNI_OF,
Đại học Tổng hợp Kim Nhật Thành,Kim Jong-un,ALUMNI_OF,
Đại học Quân sự Kim Nhật Thành,Kim Jong-un,ALUMNI_OF,
Đại học St Andrews,Alex Salmond,ALUMNI_OF,
Đại học Tiểu bang Ohio,John Kasich,ALUMNI_OF,
Đại học Texas tại Austin,John O. Brennan,ALUMNI_OF,
Đại học Beograd,Boris Tadić,ALUMNI_OF,
Đại học Thanh Hoa,Hồ Cẩm Đào,ALUMNI_OF,
Trường Đại học Khoa học Sài Gòn,Nguyễn Minh Triết,ALUMNI_OF,
Học viện Chính trị Quốc gia Hồ Chí Minh,Nguyễn Minh Triết,ALUMNI_OF,
Trường Luật học Đế quốc,Ivan Logginovich Goremykin,ALUMNI_OF,
Đại học Công nghệ Quốc gia Ural,Boris Nikolayevich Yeltsin,ALUMNI_OF,
Đại học Kỹ thuật Quốc gia Moskva Bauman,Georgy Maksimilianovich Malenkov,ALUMNI_OF,
Đại học Quốc gia Moskva Lomonosov,Yegor Timurovich Gaidar,ALUMNI_OF,
Đại học Quốc gia Moskva,Yevgeny Maksimovich Primakov,ALUMNI_OF,
Đại học Hebrew của Jerusalem,Ehud Olmert,ALUMNI_OF,
Đại học London,Chaim Herzog,ALUMNI_OF,
Đại học Hebrew của Jerusalem,Reuven Rivlin,ALUMNI_OF,
Đại học Hebrew của Jerusalem,Ariel Sharon,ALUMNI_OF,
Đại học Hebrew của Jerusalem,Ehud Barak,ALUMNI_OF,
Đại học Stanford,Ehud Barak,ALUMNI_OF,
Đại học Wisconsin–Milwaukee,Golda Meir,ALUMNI_OF,
Đại học Tổng hợp Sankt-Peterburg,Vladimir Ilyich Lenin,ALUMNI_OF,
Đại học Cornell,Isaac Herzog,ALUMNI_OF,
Đại học New York,Isaac Herzog,ALUMNI_OF,
Đại học Istanbul,Moshe Sharett,ALUMNI_OF,
Trường Kinh tế Luân Đôn,Moshe Sharett,ALUMNI_OF,
Đại học Hebrew Jerusalem,Naftali Bennett,ALUMNI_OF,
Đại học Khoa học và Công nghệ Iran,Mahmud Ahmadinezhad,ALUMNI_OF,
Đại học Columbia,Daniel D. Tompkins,ALUMNI_OF,
University of Vermont,William A. Wheeler,ALUMNI_OF,
Rutgers University–New Brunswick,Garret Hobart,ALUMNI_OF,
Ohio Wesleyan University,Charles W. Fairbanks,ALUMNI_OF,
Hamilton College,James S. Sherman,ALUMNI_OF,
Đại học Oxford,George Osborne,ALUMNI_OF,
Đại học Stanford,Rishi Sunak,ALUMNI_OF,
Đại học Oxford,William Hague,ALUMNI_OF,
Đại học Dartmouth,Nelson Rockefeller,ALUMNI_OF,
Đại học Cambridge,William Pitt Trẻ,ALUMNI_OF,
Eton College,George Grenville,ALUMNI_OF,
Eton College,George Canning,ALUMNI_OF,
Đại học Oxford,"Henry Addington, Tử tước Sidmouth thứ 1",ALUMNI_OF,
Đại học Edinburgh,"Henry John Temple, Tử tước Palmerston thứ 3",ALUMNI_OF,
Đại học Cambridge,"Henry John Temple, Tử tước Palmerston thứ 3",ALUMNI_OF,
Đại học Cambridge,Spencer Perceval,ALUMNI_OF,
Đại học Cambridge,Stanley Baldwin,ALUMNI_OF,
Mason College,Neville Chamberlain,ALUMNI_OF,
University of Birmingham,Neville Chamberlain,ALUMNI_OF,
Eton College,"Arthur Wellesley, Công tước thứ 1 xứ Wellington",ALUMNI_OF,
Eton College,Anthony Eden,ALUMNI_OF,
Eton College,Alec Douglas-Home,ALUMNI_OF,
"Birkbeck, Đại học London",Ramsay MacDonald,ALUMNI_OF,
Đại học Oxford,James Callaghan,ALUMNI_OF,
Đại học Damascus,Wael Nader al-Halqi,ALUMNI_OF,
Học viện Quân sự Homs,Hafez al-Assad,ALUMNI_OF,
Eton College,Boris Johnson,ALUMNI_OF,
Trường Roundhay,Liz Truss,ALUMNI_OF,
Đại học Oxford,Liz Truss,ALUMNI_OF,
Đại học Damascus,Mahmoud Abbas,ALUMNI_OF,
Đại học Haifa,Yoav Gallant,ALUMNI_OF,
Đại học Stockholm,Carl Bildt,ALUMNI_OF,
Học viện Quân sự Liban,Michel Suleiman,ALUMNI_OF,
Đại học Liban,Michel Suleiman,ALUMNI_OF,
Đại học Yale,Oliver Wolcott Jr.,ALUMNI_OF,
Đại học Pennsylvania,Beau Biden,ALUMNI_OF,
Đại học Georgetown,Hunter Biden,ALUMNI_OF,
Đại học Yale,Hunter Biden,ALUMNI_OF,
Đại học Yale,Jay Carney,ALUMNI_OF,
Đại học Louisville,Mitch McConnell,ALUMNI_OF,
Đại học Kentucky,Mitch McConnell,ALUMNI_OF,
Đại học Oslo,Jens Stoltenberg,ALUMNI_OF,
Đại học Harvard,Pete Buttigieg,ALUMNI_OF,
Đại học Columbia,Ashraf Ghani,ALUMNI_OF,
Đại học Lisboa,António Guterres,ALUMNI_OF,
Đại học Waikato,Jacinda Ardern,ALUMNI_OF,
Đại học Sydney,Anthony Albanese,ALUMNI_OF,
University of London,Thabo Mbeki,ALUMNI_OF,
Đại học Nam Phi,Ahmed Kathrada,ALUMNI_OF,
Đại học Simon Fraser,Pakalitha Mosisili,ALUMNI_OF,
Đại học Oslo,Gro Harlem Brundtland,ALUMNI_OF,
Đại học Harvard,Gro Harlem Brundtland,ALUMNI_OF,
Học viện Chiến tranh Chile,Augusto Pinochet,ALUMNI_OF,
Học viện Hoàng gia Nghệ thuật Sân khấu,Richard Attenborough,ALUMNI_OF,
Đại học Parkwood,George Weah,ALUMNI_OF,
Đại học DeVry,George Weah,ALUMNI_OF,
Đại học Princeton,Richard Rush,ALUMNI_OF,
Đại học Toronto,Eugenia Charles,ALUMNI_OF,
Trường Kinh tế và Khoa học Chính trị London,Eugenia Charles,ALUMNI_OF,
Đại học Columbia,Milton Friedman,ALUMNI_OF,1946
Đại học Chicago,Milton Friedman,ALUMNI_OF,1946
Đại học Harvard,Robert Solow,ALUMNI_OF,
Đại học Georgetown,Antonin Scalia,ALUMNI_OF,
St. Francis Xavier University,Brian Mulroney,ALUMNI_OF,
Dalhousie University,Brian Mulroney,ALUMNI_OF,
- Đại học dầu khí khoáng sản vua Fahd,Ghazi Mashal Ajil al-Yawer,ALUMNI_OF,
- Đại học Hoa Kỳ,Ghazi Mashal Ajil al-Yawer,ALUMNI_OF,
- Đại học George Washington,Ghazi Mashal Ajil al-Yawer,ALUMNI_OF,
Đại học La Habana,Fidel Castro,ALUMNI_OF,
Đại học Stanford,Gray Davis,ALUMNI_OF,
Đại học Columbia,Gray Davis,ALUMNI_OF,
"Đại học California, Berkeley",Earl Warren,ALUMNI_OF,
Đại học Warszawa,Lech Kaczyński,ALUMNI_OF,
Đại học Gdańsk,Lech Kaczyński,ALUMNI_OF,
Đại học Stanford,Goodwin Knight,ALUMNI_OF,
Đại học Santa Clara,Gavin Newsom,ALUMNI_OF,
Đại học Harvard,Pierre Trudeau,ALUMNI_OF,
Viện Nghiên cứu Chính trị Paris,Pierre Trudeau,ALUMNI_OF,
Trường Kinh tế London,Pierre Trudeau,ALUMNI_OF,
Williams College,Herbert H. Lehman,ALUMNI_OF,
Viện quân sự Virginia,Ralph Northam,ALUMNI_OF,
Trường Y Đông Virginia,Ralph Northam,ALUMNI_OF,
Đại học San Juan de Letran,Manuel L. Quezon,ALUMNI_OF,
Đại học Santo Tomas,Manuel L. Quezon,ALUMNI_OF,
Đại học Oxford,Christopher Hitchens,ALUMNI_OF,
Đại học Harvard,Samuel Dexter,ALUMNI_OF,
Đại học Geneva,Albert Gallatin,ALUMNI_OF,
Trường Hannover,Eric Holcomb,ALUMNI_OF,
Đại học Auburn,Bill Lee,ALUMNI_OF,
Đại học Harvard,Theodore Roosevelt Jr.,ALUMNI_OF,
École nationale supérieure des Beaux-Arts,John Singer Sargent,ALUMNI_OF,
Học viện Julian,John Singer Sargent,ALUMNI_OF,
Học viện Mỹ thuật Florence,John Singer Sargent,ALUMNI_OF,
Đại học Công giáo Hoa Kỳ,Jim McGreevey,ALUMNI_OF,
Đại học Columbia,Jim McGreevey,ALUMNI_OF,
Đại học Georgetown,Jim McGreevey,ALUMNI_OF,
Đại học Harvard,Jim McGreevey,ALUMNI_OF,
Đại học Harvard,Phil Murphy,ALUMNI_OF,
Đại học Pennsylvania,Phil Murphy,ALUMNI_OF,
Đại học Marquette,Joseph McCarthy,ALUMNI_OF,
Học viện bộ binh Toledo,Francisco Franco,ALUMNI_OF,
Trường Võ bị Liên quân Saint-Cyr,Jean de Lattre de Tassigny,ALUMNI_OF,
Đại học Princeton,Allen Dulles,ALUMNI_OF,
Đại học George Washington,Allen Dulles,ALUMNI_OF,
Trường Trung học phổ thông chuyên Quốc Học,Ngô Đình Diệm,ALUMNI_OF,
Trường Hậu bổ (Hà Nội),Ngô Đình Diệm,ALUMNI_OF,
Đại học Michigan,Ngô Đình Diệm,ALUMNI_OF,
Đại học Yale,Prescott Bush,ALUMNI_OF,
Học viện Ngoại giao Viên,Kurt Waldheim,ALUMNI_OF,
Đại học Stockholm,Olof Palme,ALUMNI_OF,
Kenyon College,Edwin Stanton,ALUMNI_OF,
Đại học Dartmouth,Thaddeus Stevens,ALUMNI_OF,
Đại học Vermont,Thaddeus Stevens,ALUMNI_OF,
Colby College,Benjamin Butler,ALUMNI_OF,
Đại học Harvard,Henry Cabot Lodge Jr.,ALUMNI_OF,
Đại học Harvard,Robert F. Kennedy,ALUMNI_OF,
Đại học Virginia,Robert F. Kennedy,ALUMNI_OF,
Manhattanville College,Jean Kennedy Smith,ALUMNI_OF,
"University of California, Berkeley",Robert McNamara,ALUMNI_OF,
Trường Pellerin (1904–1908) Tiểu chủng viện Sài Gòn (1909–1917) Đại Chủng viện Phú Xuân (1917–1919) Đại học Truyền giáo Urbaniana,Phêrô Máctinô Ngô Đình Thục,ALUMNI_OF,1904
Rôma (1919–1925) Đại học Appolinaire (1925–1927),Phêrô Máctinô Ngô Đình Thục,ALUMNI_OF,1919
Trường Trung học Albert Sarraut,Trần Lệ Xuân,ALUMNI_OF,
"Trường Trung học phổ thông Chu Văn An, Hà Nội",Vũ Văn Mẫu,ALUMNI_OF,
Trường Trung học Albert Sarraut,Vũ Văn Mẫu,ALUMNI_OF,
PSL Research University,Ngô Đình Nhu,ALUMNI_OF,
Pháp -Trường Đại học tại Paris,Lê Văn Kim,ALUMNI_OF,
Trường Trung học phổ thông Nguyễn Đình Chiểu (Tiền Giang),Dương Văn Minh,ALUMNI_OF,
Trường Trung học phổ thông chuyên Quốc Học – Huế,Nguyễn Hữu Có,ALUMNI_OF,
Trường Trung học chương trình Pháp tại Cần Thơ Trường Võ bị Liên quân Viễn Đông Đà Lạt Học viện Quân sự Coetquidan và Võ bị Saint Cyr,Nguyễn Khánh,ALUMNI_OF,
Đại học Harvard,David Halberstam,ALUMNI_OF,
Sơn Tây -Trường Cao đẳng Quốc phòng (École Supérieure de Geurre) tại Paris,Trần Văn Đôn,ALUMNI_OF,
-Trường Trung học Phổ thông ở Huế -Trường Võ bị Quốc gia tại Huế -Trường Kỵ binh Saumur (École de cavalerie de Saumur),Tôn Thất Đính,ALUMNI_OF,
Trường Võ bị Quốc gia Đà Lạt,Nguyễn Văn Thiệu,ALUMNI_OF,
Đại học Nam Khai,Chu Ân Lai,ALUMNI_OF,
Đại học Strasbourg,Klemens von Metternich,ALUMNI_OF,
Học viện Sư phạm Đệ nhất Hồ Nam,Mao Trạch Đông,ALUMNI_OF,
Đại học Georgetown,Laura Chinchilla,ALUMNI_OF,
Đại học McGill,Zbigniew Brzezinski,ALUMNI_OF,
Đại học Harvard,Zbigniew Brzezinski,ALUMNI_OF,
Đại học Harvard,James R. Schlesinger,ALUMNI_OF,
Đại học Georgia,Brian Kemp,ALUMNI_OF,
Đại học Cairo,Adly Mansour,ALUMNI_OF,
École nationale d'administration,Adly Mansour,ALUMNI_OF,
Đại học Kyoto,Ikeda Hayato,ALUMNI_OF,
Đại học Nam California,Miki Takeo,ALUMNI_OF,
Đại học Tokyo,Kishi Nobusuke,ALUMNI_OF,
Đại học Tokyo,Yoshida Shigeru,ALUMNI_OF,
Đại học Seikei,Abe Shinzō,ALUMNI_OF,
Đại học Nam California,Abe Shinzō,ALUMNI_OF,
Đại học Tokyo,Katayama Tetsu,ALUMNI_OF,
Đại học Tokyo,Fukuda Takeo,ALUMNI_OF,
Đại học Philippines,Ferdinand Marcos,ALUMNI_OF,
Đại học Waseda,Kōno Yōhei,ALUMNI_OF,
Đại học Waseda,Takeshita Noboru,ALUMNI_OF,
Đại học London,Itō Hirobumi,ALUMNI_OF,
Đại học Paris,Saionji Kinmochi,ALUMNI_OF,
Đại học Tokyo,Hara Takashi,ALUMNI_OF,
Đại học Tokyo,Katō Takaaki,ALUMNI_OF,
Học viện Hải quân Đế quốc Nhật Bản,Katō Tomosaburō,ALUMNI_OF,
Đại học Tokyo,Wakatsuki Reijirō,ALUMNI_OF,
Học viện Lục quân Đế quốc Nhật Bản,Tanaka Giichi,ALUMNI_OF,
Đại học Chiến tranh Lục quân (Nhật Bản),Tanaka Giichi,ALUMNI_OF,
Đại học Keio,Inukai Tsuyoshi,ALUMNI_OF,
Học viện Hải quân Đế quốc Nhật Bản,Saitō Makoto,ALUMNI_OF,
Đại học Tokyo,Gotō Fumio,ALUMNI_OF,
Đại học Tokyo,Hiranuma Kiichirō,ALUMNI_OF,
Học viện Lục quân Đế quốc Nhật Bản,Abe Nobuyuki,ALUMNI_OF,
Đại học Chiến tranh Lục quân (Nhật Bản),Abe Nobuyuki,ALUMNI_OF,
Đại học Tokyo,Itō Masayoshi,ALUMNI_OF,
Đại học Waseda,Mori Yoshirō,ALUMNI_OF,
Học viện Công nghệ Tokyo,Kan Naoto,ALUMNI_OF,
Đại học Waseda,Fukuda Yasuo,ALUMNI_OF,
Đại học Stanford,Asō Tarō,ALUMNI_OF,
Trường Kinh tế và Khoa học Chính trị London,Asō Tarō,ALUMNI_OF,
Đại học Tokyo,Hatoyama Yukio,ALUMNI_OF,
Đại học Stanford,Hatoyama Yukio,ALUMNI_OF,
Đại học Hồng Kông,Hatoyama Yukio,ALUMNI_OF,
Đại học Waseda,Noda Yoshihiko,ALUMNI_OF,
Đại học Hosei,Suga Yoshihide,ALUMNI_OF,
Đại học Waseda,Kishida Fumio,ALUMNI_OF,
Đại học Dartmouth,Paavo Lipponen,ALUMNI_OF,
Đại học Helsinki,Paavo Lipponen,ALUMNI_OF,
Đại học Helsinki,Tarja Halonen,ALUMNI_OF,
Đại học Kobe,Takaichi Sanae,ALUMNI_OF,
Đại học Tiểu bang Kansas,Joseph Boakai,ALUMNI_OF,
Đại học Eden Mohila,Sheikh Hasina,ALUMNI_OF,
Đại học Dhaka,Sheikh Hasina,ALUMNI_OF,
Đại học Peking,Mulatu Teshome,ALUMNI_OF,
Đại học Addis Ababa,Hailemariam Desalegn,ALUMNI_OF,
Đại học Arba Minch,Hailemariam Desalegn,ALUMNI_OF,
Đại học Công nghệ Tampere,Hailemariam Desalegn,ALUMNI_OF,
Đại học Thái Bình Dương Azusa,Hailemariam Desalegn,ALUMNI_OF,
Duke University,Andrew Giuliani,ALUMNI_OF,
Đại học Johns Hopkins,Michael Bloomberg,ALUMNI_OF,
Đại học,Michael Bloomberg,ALUMNI_OF,
Đại học Harvard,Michael Bloomberg,ALUMNI_OF,
Đại học Georgetown,Iván Duque Márquez,ALUMNI_OF,
Đại học Cambridge,Rajiv Gandhi,ALUMNI_OF,
Đại học Beograd,Slobodan Milošević,ALUMNI_OF,
Đại học Rangoon,Ne Win,ALUMNI_OF,
Đại học Công nghệ Séc ở Praha,Václav Havel,ALUMNI_OF,
Đại học Tirana,Sali Berisha,ALUMNI_OF,
Open University,Meles Zenawi,ALUMNI_OF,
Erasmus University Rotterdam,Meles Zenawi,ALUMNI_OF,
Trường Đại học Philippines,Rodrigo Duterte,ALUMNI_OF,
Trường luật San Beda,Rodrigo Duterte,ALUMNI_OF,
Học viện Hải quân Hoa Kỳ,Robert A. Heinlein,ALUMNI_OF,
Đại học Nhà vua Luân Đôn,Arthur C. Clarke,ALUMNI_OF,
Đại học London,Htin Kyaw,ALUMNI_OF,
Đại học Yangon,Win Myint,ALUMNI_OF,
Đại học Yangon,Min Aung Hlaing,ALUMNI_OF,
Đại học Yangon,Aung San,ALUMNI_OF,
University of Southern California,Jim Webb,ALUMNI_OF,
Georgetown University,Jim Webb,ALUMNI_OF,
Đại học Chiang Mai,Yingluck Shinawatra,ALUMNI_OF,
Đại học Bang Kentucky,Yingluck Shinawatra,ALUMNI_OF,
University of Missouri–Kansas City,Rick Scott,ALUMNI_OF,
Southern Methodist University,Rick Scott,ALUMNI_OF,
Cao đẳng Tarkio Cao đẳng Santa Fe Đại học Florida Đại học Miami,Marco Rubio,ALUMNI_OF,
Đại học Massachusetts Boston,Janet Mills,ALUMNI_OF,
Đại học Maine,Janet Mills,ALUMNI_OF,
Đại học Harvard,Ned Lamont,ALUMNI_OF,
Đại học Yale,Ned Lamont,ALUMNI_OF,
Đại học Harvard,Daniel McKee,ALUMNI_OF,
Viện Công nghệ Massachusetts,Chris Sununu,ALUMNI_OF,
Đại học Vermont,Phil Scott,ALUMNI_OF,
Đại học Dartmouth,Tom Wolf,ALUMNI_OF,
Đại học London,Tom Wolf,ALUMNI_OF,
Viện Công nghệ Massachusetts,Tom Wolf,ALUMNI_OF,
Đại học Duke,J. B. Pritzker,ALUMNI_OF,
Đại học Bradley,Laura Kelly,ALUMNI_OF,
Đại học Indiana,Laura Kelly,ALUMNI_OF,
Đại học Tây Bắc Iowa,Kim Reynolds,ALUMNI_OF,
Đại học Bang Iowa,Kim Reynolds,ALUMNI_OF,
Đại học bang Michigan,Gretchen Whitmer,ALUMNI_OF,
Đại học Stanford,Doug Burgum,ALUMNI_OF,
Đại học Chicago,Pete Ricketts,ALUMNI_OF,
Đại học Miami,Mike DeWine,ALUMNI_OF,
Đại học Auburn (BA),Kay Ivey,ALUMNI_OF,
Đại học Wisconsin-Madison,Tony Evers,ALUMNI_OF,
Đại học Dartmouth,John Carney,ALUMNI_OF,
Đại học Delaware,John Carney,ALUMNI_OF,
Đại học Virginia,Andy Beshear,ALUMNI_OF,
Học viện Quân sự Hoa Kỳ,John Bel Edwards,ALUMNI_OF,
Trường Millsaps (BA),Tate Reeves,ALUMNI_OF,
Đại học Bang Florida,Larry Hogan,ALUMNI_OF,
Đại học Bang Oklahoma,Kevin Stitt,ALUMNI_OF,
Đại học North Carolina tại Chapel Hill,Roy Cooper,ALUMNI_OF,
Đại học Marshall,Jim Justice,ALUMNI_OF,
Đại học South Carolina,Henry McMaster,ALUMNI_OF,
Đại học Princeton,Jared Polis,ALUMNI_OF,
Đại học Misericordia,Mike Dunleavy,ALUMNI_OF,
Đại học Alaska Fairbanks,Mike Dunleavy,ALUMNI_OF,
Đại học Bang Arizona,Doug Ducey,ALUMNI_OF,
"Đại học Hawaii, Manoa",David Ige,ALUMNI_OF,
Đại học Idaho,Brad Little,ALUMNI_OF,
Đại học New Mexico,Michelle Lujan Grisham,ALUMNI_OF,
Đại học Wisconsin – Milwaukee,Steve Sisolak,ALUMNI_OF,
"Đại học Nevada, Las Vegas",Steve Sisolak,ALUMNI_OF,
Viện Công nghệ Stevens,Greg Gianforte,ALUMNI_OF,
Đại học Colorado Boulder,Kate Brown,ALUMNI_OF,
Snow College,Spencer Cox,ALUMNI_OF,
Đại học Bang Utah,Spencer Cox,ALUMNI_OF,
Đại học Washington and Lee,Spencer Cox,ALUMNI_OF,
Đại học Washington,Jay Inslee,ALUMNI_OF,
Đại học Middlebury,Mark Gordon (chính trị gia),ALUMNI_OF,
Đại học Harvard,Peter Navarro,ALUMNI_OF,
Trường Đại học Houghton,Deborah Birx,ALUMNI_OF,
Đại học Cornell,Anthony Fauci,ALUMNI_OF,
Đại học Georgetown,Robert R. Redfield,ALUMNI_OF,
"Đại học California, Berkeley",Jerome Adams,ALUMNI_OF,
Đại học Harvard,Brett Giroir,ALUMNI_OF,
Đại học Ludwig Maximilian Munich,Theodor Heuss,ALUMNI_OF,
Đại học Paris,Michel Debré,ALUMNI_OF,
École nationale supérieure des mines de Paris,Alain Poher,ALUMNI_OF,
École normale supérieure,Henri Bergson,ALUMNI_OF,
Đại học Paris,Henri Bergson,ALUMNI_OF,
Đại học Kỹ thuật Quốc gia Donetsk,Viktor Fedorovych Yanukovych,ALUMNI_OF,
Đại học Sogang,Park Geun-hye,ALUMNI_OF,
Đại học Tổng hợp Sankt-Peterburg,Lyudmila Aleksandrovna Putina,ALUMNI_OF,
Đại học Nam California,Doug Emhoff,ALUMNI_OF,
Đại học Colorado Boulder,Mark Leno,ALUMNI_OF,
Jerusalem University College,Mark Leno,ALUMNI_OF,
Hebrew Union College,Mark Leno,ALUMNI_OF,
Đại học Yale,Steven Mnuchin,ALUMNI_OF,
Đại học Georgetown,Jon Ossoff,ALUMNI_OF,
Trường Kinh tế Luân Đôn,Jon Ossoff,ALUMNI_OF,
Đại học George Washington,Elizabeth Warren,ALUMNI_OF,
Đại học Harvard,Paul Samuelson,ALUMNI_OF,
Đại học Chicago,Paul Samuelson,ALUMNI_OF,
Đại học Columbia,Kenneth Arrow,ALUMNI_OF,
Viện Công nghệ Massachusetts,Lawrence Klein,ALUMNI_OF,
"Đại học California, Berkeley",Lawrence Klein,ALUMNI_OF,
Đại học Harvard,James Tobin,ALUMNI_OF,
Đại học Harvard,Michael Spence,ALUMNI_OF,
Đại học Oxford,Michael Spence,ALUMNI_OF,
Đại học Princeton,Michael Spence,ALUMNI_OF,
Đại học Princeton,David Card,ALUMNI_OF,
Đại học Princeton,James Heckman,ALUMNI_OF,
Đại học Princeton,Gary Becker,ALUMNI_OF,
Đại học Chicago,Gary Becker,ALUMNI_OF,
Viện Công nghệ Massachusetts,Joseph Stiglitz,ALUMNI_OF,
Trường Kinh tế và Khoa học Chính trị Luân Đôn,Daron Acemoğlu,ALUMNI_OF,
École normale supérieure,Esther Duflo,ALUMNI_OF,
Viện Công nghệ Massachusetts,Esther Duflo,ALUMNI_OF,
Đại học Melbourne,Robert Menzies,ALUMNI_OF,
Đại học Kiel,Theodor Mommsen,ALUMNI_OF,
Trường Cao đẳng Kỹ sư Xây dựng,José Echegaray,ALUMNI_OF,
Đại học Ludwig Maximilian München,Thomas Mann,ALUMNI_OF,
Đại học Kỹ thuật München,Thomas Mann,ALUMNI_OF,
Đại học Bonn,Luigi Pirandello,ALUMNI_OF,
École du Louvre,Roger Martin du Gard,ALUMNI_OF,
Đại học Graz,Ivo Andrić,ALUMNI_OF,
Đại học Viên,Ivo Andrić,ALUMNI_OF,
Đại học Paris,Miguel Ángel Asturias,ALUMNI_OF,
Đại học Cologne,Heinrich Böll,ALUMNI_OF,
Đại học Viên,Elias Canetti,ALUMNI_OF,
University of Athens,Odysseas Elytis,ALUMNI_OF,
Đại học Oxford,William Golding,ALUMNI_OF,
Đại học Cartagena,Gabriel García Márquez,ALUMNI_OF,
Trung tâm Đại học Villanueva,Camilo José Cela,ALUMNI_OF,
Đại học Ngoại ngữ Bắc Kinh,Cao Hành Kiện,ALUMNI_OF,
Trường Trung học Kim Lăng,Cao Hành Kiện,ALUMNI_OF,
Trường Đảng Trung ương (Đảng Cộng sản Trung Quốc),Bạc Nhất Ba,ALUMNI_OF,
Trường quân sự Hoàng Phố,Diệp Kiếm Anh,ALUMNI_OF,
Đại học Quân sự và Chính trị chống Nhật,Dương Đắc Chí,ALUMNI_OF,
Học viện Quân sự Quân Giải phóng Nhân dân Trung Hoa,Dương Đắc Chí,ALUMNI_OF,
Đại học Tôn Dật Tiên Moskva,Tưởng Kinh Quốc,ALUMNI_OF,
Trường đại học Tây Y Hồng Kông cho người Hoa,Tôn Trung Sơn,ALUMNI_OF,
Đại học Waseda,Trần Độc Tú,ALUMNI_OF,
Đại học Chiết Giang,Lý Cường,ALUMNI_OF,
Đại học Bách khoa Hồng Kông,Lý Cường,ALUMNI_OF,
Trường Đảng Trung ương Đảng Cộng sản Trung Quốc,Lý Cường,ALUMNI_OF,
Đại học Bắc Kinh,Triệu Lạc Tế,ALUMNI_OF,
Trường Đảng Trung ương Đảng Cộng sản Trung Quốc,Triệu Lạc Tế,ALUMNI_OF,
Đại học Phục Đán,Vương Hỗ Ninh,ALUMNI_OF,
Trường Đảng Trung ương Đảng Cộng sản Trung Quốc,Thái Kỳ,ALUMNI_OF,
Đại học Phục Đán,Đinh Tiết Tường,ALUMNI_OF,
Đại học Thanh Hoa,Lý Hi,ALUMNI_OF,
Đại học Tứ Xuyên,Trần Văn Thanh (chính khách Trung Quốc),ALUMNI_OF,
Đại học Hạ Môn,Hà Lập Phong,ALUMNI_OF,
Đại học Thanh Hoa,Lý Cán Kiệt,ALUMNI_OF,
Đại học Bắc Kinh,Lý Thư Lỗi,ALUMNI_OF,
Trường Đảng Trung ương Đảng Cộng sản Trung Quốc,Lý Thư Lỗi,ALUMNI_OF,
Đại học Bắc Kinh,Thạch Thái Phong,ALUMNI_OF,
Đại học Quốc phòng Trung Quốc,Hà Vệ Đông,ALUMNI_OF,
Trường Đảng Trung ương Đảng Cộng sản Trung Quốc,Hà Vệ Đông,ALUMNI_OF,
Đại học Thanh Hoa,Trương Quốc Thanh,ALUMNI_OF,
Đại học Harvard,Trương Quốc Thanh,ALUMNI_OF,
Đại học Harvard,Trương Quốc Thanh,ALUMNI_OF,
Trường Đảng Trung ương Đảng Cộng sản Trung Quốc,Trương Quốc Thanh,ALUMNI_OF,
Trường Đảng Trung ương Đảng Cộng sản Trung Quốc,Vương Tiểu Hồng,ALUMNI_OF,
Đại học Công nghiệp Cáp Nhĩ Tân,Lưu Quốc Trung,ALUMNI_OF,
Trường Đảng Trung ương Đảng Cộng sản Trung Quốc,Thầm Di Cầm,ALUMNI_OF,
Đại học Trung Bắc,Ngô Chính Long,ALUMNI_OF,
University of Dar es Salaam,Asha-Rose Migiro,ALUMNI_OF,
University of Konstanz,Asha-Rose Migiro,ALUMNI_OF,
Đại học Gothenburg,Jan Eliasson,ALUMNI_OF,
Đại học Quốc gia Seoul,Lee Hae-chan,ALUMNI_OF,
Đại học Göttingen,Richard von Weizsäcker,ALUMNI_OF,
Đại học Ludwig Maximilian Munich,Roman Herzog,ALUMNI_OF,
Đại học Bonn,Friedrich Merz,ALUMNI_OF,
Đại học Marburg,Friedrich Merz,ALUMNI_OF,
Đại học Wrocław,Mateusz Morawiecki,ALUMNI_OF,
Đại học Hamburg,Mateusz Morawiecki,ALUMNI_OF,
Đại học Basel,Mateusz Morawiecki,ALUMNI_OF,
École normale supérieure,Thomas Piketty,ALUMNI_OF,
École nationale d'administration,Alain Juppé,ALUMNI_OF,
École nationale d'administration,Dominique de Villepin,ALUMNI_OF,
Trường Hành chính quốc gia (Pháp),Laurent Fabius,ALUMNI_OF,
École nationale d'administration,Michel Rocard,ALUMNI_OF,
Đại học George Washington,Faure Gnassingbé,ALUMNI_OF,
Đại học Laval,Jean Chrétien,ALUMNI_OF,
Đại học Paris,Charles-Maurice de Talleyrand-Périgord,ALUMNI_OF,
École Polytechnique,François Arago,ALUMNI_OF,
Đại học Nantes,Georges Clemenceau,ALUMNI_OF,
Đại học Maine (Pháp),François Fillon,ALUMNI_OF,
Đại học Paris Descartesy,François Fillon,ALUMNI_OF,
Đại học Nantes,Jean-Marc Ayrault,ALUMNI_OF,
Viện Nghiên cứu Chính trị Bordeaux,Bernard Cazeneuve,ALUMNI_OF,
Đại học Truyền giáo Sikh Shaheed,Zail Singh,ALUMNI_OF,
Đại học Ljubljana,Janez Drnovšek,ALUMNI_OF,
Đại học Paris,Pierre Mendès France,ALUMNI_OF,
Đại học Luân Đôn,Emmerson Mnangagwa,ALUMNI_OF,
Đại học Zambia,Emmerson Mnangagwa,ALUMNI_OF,
Paris West University Nanterre La Défense,Christine Lagarde,ALUMNI_OF,
Đại học Jagiellonian,Elżbieta Bieńkowska,ALUMNI_OF,
Trường kinh tế SGH Warsaw,Elżbieta Bieńkowska,ALUMNI_OF,
Đại học Geneva,José Manuel Barroso,ALUMNI_OF,
Đại học Strasbourg,Jean-Claude Juncker,ALUMNI_OF,
Università Cattolica del Sacro Cuore,Romano Prodi,ALUMNI_OF,
Trường Kinh tế London,Romano Prodi,ALUMNI_OF,
Đại học Toulouse,Richard Ferrand,ALUMNI_OF,
Đại học Paris Descartes,Richard Ferrand,ALUMNI_OF,
Đại học Poitiers,Stéphane Séjourné,ALUMNI_OF,
Đại học Paris Nanterre,Dominique Strauss-Kahn,ALUMNI_OF,
Technische Universität München,Heinrich Himmler,ALUMNI_OF,
Đại học Graz,Ernst Kaltenbrunner,ALUMNI_OF,
Radcliffe College,Helen Keller,ALUMNI_OF,
Winchester College,Antony Beevor,ALUMNI_OF,
Royal Military Academy Sandhurst,Antony Beevor,ALUMNI_OF,
Đại học München,Wilhelm Frick,ALUMNI_OF,
Đại học Göttingen,Wilhelm Frick,ALUMNI_OF,
Đại học Berlin,Wilhelm Frick,ALUMNI_OF,
Đại học Heidelberg,Wilhelm Frick,ALUMNI_OF,
Đại học Kỹ thuật Berlin,Albert Speer,ALUMNI_OF,
Đại học Kỹ thuật München,Albert Speer,ALUMNI_OF,
Đại học Kỹ thuật Quốc gia Moskva Bauman,Alfred Rosenberg,ALUMNI_OF,
Đại học Munich,Rudolf Hess,ALUMNI_OF,
Đại học Bonn,Josef Mengele,ALUMNI_OF,
Đại học Ludwig Maximilian München,Josef Mengele,ALUMNI_OF,
Đại học Goethe Frankfurt,Josef Mengele,ALUMNI_OF,
Đại học Limpopo,Cyril Ramaphosa,ALUMNI_OF,
Đại học Nam Phi,Cyril Ramaphosa,ALUMNI_OF,
Đại học Công giáo Leuven,Herman Van Rompuy,ALUMNI_OF,
Đại học Meiji,Shindō Yoshitaka,ALUMNI_OF,
Đại học Tokyo,Tanigaki Sadakazu,ALUMNI_OF,
Đại học Tokyo,Machimura Nobutaka,ALUMNI_OF,
Đại học Wesleyan,Machimura Nobutaka,ALUMNI_OF,
Đại học Tokyo,Hayashi Yoshimasa,ALUMNI_OF,
Đại học Keio,Ishiba Yoshiko,ALUMNI_OF,
Học viện Phòng vệ Nhật Bản,Nakatani Gen,ALUMNI_OF,
Đại học Tokyo,Miyazawa Kiichi,ALUMNI_OF,
Đại học Keio,Koizumi Junichirō,ALUMNI_OF,
Đại học London,Koizumi Junichirō,ALUMNI_OF,
Đại học Columbia,Koizumi Shinjirō,ALUMNI_OF,
Học viện Quan hệ Quốc tế,Phạm Minh Chính,ALUMNI_OF,
Trường Đại học Hà Nội,Phạm Minh Chính,ALUMNI_OF,
Đại học Xây dựng Bucarest,Phạm Minh Chính,ALUMNI_OF,
Học viện Chính trị Quốc gia Hồ Chí Minh,Phạm Minh Chính,ALUMNI_OF,
Đại học Paris,Carole Bouquet,ALUMNI_OF,
Đại học Leeds,Elio Di Rupo,ALUMNI_OF,
London Metropolitan University,Jeremy Corbyn,ALUMNI_OF,
Đại học North London,Jeremy Corbyn,ALUMNI_OF,
Trường Castle House,Jeremy Corbyn,ALUMNI_OF,
Trường Adams' Grammar,Jeremy Corbyn,ALUMNI_OF,
University of Malta,Joseph Muscat,ALUMNI_OF,
University of Bristol,Joseph Muscat,ALUMNI_OF,
Đại học Warszawa,Bronisław Komorowski,ALUMNI_OF,
Đại học Wrocław,Grzegorz Schetyna,ALUMNI_OF,
Đại học Công giáo John Paul II Lublin,Bogdan Borusewicz,ALUMNI_OF,
Đại học London,Jacek Rostowski,ALUMNI_OF,
Trường Kinh tế London,Jacek Rostowski,ALUMNI_OF,
Đại học Y dược Lublin,Ewa Kopacz,ALUMNI_OF,
Jagiellonian University,Andrzej Duda,ALUMNI_OF,
Đại học Warsaw,Jarosław Kaczyński,ALUMNI_OF,
Đại học Tây Timișoara,Sorin Grindeanu,ALUMNI_OF,
Đại học Warszawa,Włodzimierz Cimoszewicz,ALUMNI_OF,
Jagiellonian University,Beata Szydło,ALUMNI_OF,
Silesian University of Technology,Jerzy Buzek,ALUMNI_OF,
Đại học Bucharest,Victor Ponta,ALUMNI_OF,
Đại học Quốc phòng Carol I,Victor Ponta,ALUMNI_OF,
Học viện Hải quân Mircea cel Bătrân,Traian Băsescu,ALUMNI_OF,
Đại học Dầu khí Ploiești,Viorica Dăncilă,ALUMNI_OF,
Đại học chính trị quốc gia và hành chính công,Viorica Dăncilă,ALUMNI_OF,
Đại học Latvia,Edgars Rinkēvičs,ALUMNI_OF,
Đại học Groningen,Edgars Rinkēvičs,ALUMNI_OF,
Đại học Latvia,Laimdota Straujuma,ALUMNI_OF,
Đại học Kỹ thuật Lisbon,Aníbal Cavaco Silva,ALUMNI_OF,
"Đại học Alcuin, York",Aníbal Cavaco Silva,ALUMNI_OF,
Đại học Lisbon,Marcelo Rebelo de Sousa,ALUMNI_OF,
Đại học Latvia,Valdis Dombrovskis,ALUMNI_OF,
Đại học Lisboa,Pedro Passos Coelho,ALUMNI_OF,
Đại học VU Amsterdam,Jan Peter Balkenende,ALUMNI_OF,
Đại học Milano,Karolos Papoulias,ALUMNI_OF,
Đại học Harvard,Antonis Samaras,ALUMNI_OF,
Đại học Athena,Prokopis Pavlopoulos,ALUMNI_OF,
Trường Đại học Panthéon-Assas,Prokopis Pavlopoulos,ALUMNI_OF,
Đại học Uppsala,Ulf Kristersson,ALUMNI_OF,
Đại học Santiago de Compostela,Mariano Rajoy,ALUMNI_OF,
Đại học Umeå,Stefan Löfven,ALUMNI_OF,
Universidad de Salamanca,Adolfo Suárez,ALUMNI_OF,
Đại học Ljubljana,Alenka Bratušek,ALUMNI_OF,
Đại học Ljubljana,Borut Pahor,ALUMNI_OF,
Đại học Buenos Aires,Alberto Fernández,ALUMNI_OF,
Đại học Chhatrapati Shahu Ji Maharaj,Ram Nath Kovind,ALUMNI_OF,
Trường Đại học Lao động Cộng sản Phương Đông,Hồ Chí Minh,ALUMNI_OF,
Đại học Madras,Sarvepalli Radhakrishnan,ALUMNI_OF,
Đại học Calcutta,Rajendra Prasad,ALUMNI_OF,
Đại học Hồi giáo Aligarh,Zakir Husain (chính trị gia),ALUMNI_OF,
Đại học Delhi,Zakir Husain (chính trị gia),ALUMNI_OF,
Đại học Humboldt của Berlin,Zakir Husain (chính trị gia),ALUMNI_OF,
Đại học Savitribai Phule Pune,Pratibha Patil,ALUMNI_OF,
Đại học Mumbai,Pratibha Patil,ALUMNI_OF,
Đại học Khallikote,V. V. Giri,ALUMNI_OF,
Đại học Dublin,V. V. Giri,ALUMNI_OF,
Đại học Cambridge,Fakhruddin Ali Ahmed,ALUMNI_OF,
Đại học Rajaram,B. D. Jatti,ALUMNI_OF,
Viện Nghệ thuật và Khoa học Xã hội Chính phủ Vasantrao Naik,Mohammad Hidayatullah,ALUMNI_OF,
Đại học Cambridge,Mohammad Hidayatullah,ALUMNI_OF,
Đại học Madras,R. Venkataraman,ALUMNI_OF,
Trường Kinh tế Luân Đôn,K. R. Narayanan,ALUMNI_OF,
Đại học Cambridge,Shankar Dayal Sharma,ALUMNI_OF,
Đại học Harvard,Shankar Dayal Sharma,ALUMNI_OF,
Đại học Madras,Neelam Sanjiva Reddy,ALUMNI_OF,
"Đại học St. Joseph, Tiruchirappalli",A. P. J. Abdul Kalam,ALUMNI_OF,
Viện công nghệ Madras,A. P. J. Abdul Kalam,ALUMNI_OF,
Đại học Florence,Matteo Renzi,ALUMNI_OF,
Đại học Calcutta,Pranab Mukherjee,ALUMNI_OF,
Đại học Napoli Federico II,Giorgio Napolitano,ALUMNI_OF,
Đại học Roma Sapienza,Paolo Gentiloni,ALUMNI_OF,
Đại học Pisa,Giuliano Amato,ALUMNI_OF,
Viện Công nghệ Massachusetts,Mario Draghi,ALUMNI_OF,
Đại học Roma La Sapienza,Giulio Andreotti,ALUMNI_OF,
Đại học Công giáo Milano,Ciriaco De Mita,ALUMNI_OF,
Đại học Viên,Alcide De Gasperi,ALUMNI_OF,
Đại học Turin,Luigi Einaudi,ALUMNI_OF,
Đại học Naples Federico II,Enrico De Nicola,ALUMNI_OF,
Đại học Turin,Giuseppe Saragat,ALUMNI_OF,
Đại học Genoa,Sandro Pertini,ALUMNI_OF,
Đại học Sassari,Francesco Cossiga,ALUMNI_OF,
Đại học Tự chủ Quốc gia Mexico,Claudia Sheinbaum,ALUMNI_OF,
Đại học Roma Sapienza,Giuseppe Conte,ALUMNI_OF,
Đại học Panamerican,Enrique Peña Nieto,ALUMNI_OF,
"Viện Công nghệ và Giáo dục Cao đẳng Monterrey, Bang México",Enrique Peña Nieto,ALUMNI_OF,
Đại học San Ildefonso,Guadalupe Victoria,ALUMNI_OF,
"Đại học California, Berkeley",Francisco I. Madero,ALUMNI_OF,
Đại học Harvard,Miguel de la Madrid,ALUMNI_OF,
Universidad Iberoamericana,Vicente Fox,ALUMNI_OF,
Đại học Yale,Ernesto Zedillo,ALUMNI_OF,
National Autonomous University of Mexico,Luis Echeverría,ALUMNI_OF,
Đại học Boğaziçi,Ahmet Davutoğlu,ALUMNI_OF,
Đại học Istanbul,Abdullah Gül,ALUMNI_OF,
Đại học Exeter,Abdullah Gül,ALUMNI_OF,
"Đại học Ankara, Trường Luật",Ahmet Necdet Sezer,ALUMNI_OF,
Đại học Kỹ thuật Istanbul,Süleyman Demirel,ALUMNI_OF,
Đại học Kỹ thuật Istanbul,Turgut Özal,ALUMNI_OF,
Học viện Quân đội Indonesia,Prabowo Subianto,ALUMNI_OF,
Trisakti University STIE Prasetiya Mulya,Basuki Tjahaja Purnama,ALUMNI_OF,
Đại học Indonesia,Megawati Sukarnoputri,ALUMNI_OF,
Đại học Chung-Ang,Lee Jae-myung,ALUMNI_OF,
Đại học quốc lập Đài Loan,Lại Thanh Đức,ALUMNI_OF,
Đại học Quốc lập Thành Công,Lại Thanh Đức,ALUMNI_OF,
Đại học Harvard,Lại Thanh Đức,ALUMNI_OF,
Đại học Canterbury,Christopher Luxon,ALUMNI_OF,
Đại học Papua New Guinea,James Marape,ALUMNI_OF,
Đại học Quốc gia Singapore,Mahathir Mohamad,ALUMNI_OF,
Đại học Inca Garcilaso de la Vega,José Jerí,ALUMNI_OF,
Đại học Quốc gia Federico Villarreal,José Jerí,ALUMNI_OF,
Đại học Charles Sturt,Lý Gia Siêu,ALUMNI_OF,
Đại học Oxford,Bongbong Marcos,ALUMNI_OF,
Đại học Pennsylvania,Bongbong Marcos,ALUMNI_OF,
Hofstra University,Anutin Charnvirakul,ALUMNI_OF,
Trường Sĩ quan Chính trị,Lương Cường,ALUMNI_OF,
Học viện Chính trị Quốc gia Hồ Chí Minh,Lương Cường,ALUMNI_OF,
Đại học Harvard,Han Duck-soo,ALUMNI_OF,
Đại học Quốc gia Seoul,Han Duck-soo,ALUMNI_OF,
Đại học Harvard,Hoàng Tuần Tài,ALUMNI_OF,
Đại học Kyung Hee,Moon Jae-in,ALUMNI_OF,
Đại học Quốc gia Seoul,Kim Myeong-soo,ALUMNI_OF,
Đại học Hàn Quốc,Lee Myung-bak,ALUMNI_OF,
Đại học Sungkyunkwan,Hwang Kyo-ahn,ALUMNI_OF,
Đại học Quốc gia Seoul,Cho Kuk,ALUMNI_OF,
"Đại học California, Berkeley",Cho Kuk,ALUMNI_OF,
Đại học Quốc gia Seoul,Lee Sang-min (chính khách),ALUMNI_OF,
Đại học Cao Ly,Lee Sang-min (chính khách),ALUMNI_OF,
Học viện Quân sự Hàn Quốc,Chun Doo-hwan,ALUMNI_OF,
Đại học Ritsumeikan,Izumi Kenta,ALUMNI_OF,
Đại học Tsukuba,Choi Kyu-hah,ALUMNI_OF,
Đại học Edinburgh,Yun Bo-seon,ALUMNI_OF,
Đại học Washington,Lý Thừa Vãn,ALUMNI_OF,
Đại học Harvard,Lý Thừa Vãn,ALUMNI_OF,
Đại học Princeton,Lý Thừa Vãn,ALUMNI_OF,
Trường Sĩ quan Lục quân (Đế quốc Nhật Bản),Park Chung-hee,ALUMNI_OF,
Đại học Quốc gia Seoul,Kim Young-sam,ALUMNI_OF,
Đại học McGill,Julie Payette,ALUMNI_OF,
Đại học Toronto,Julie Payette,ALUMNI_OF,
Trường Juilliard,Marin Alsop,ALUMNI_OF,
Đại học Yale,Marin Alsop,ALUMNI_OF,
Đại học Strasbourg,Alberto Fujimori,ALUMNI_OF,
Đại học Sydney,Edmund Barton,ALUMNI_OF,
Đại học Melbourne,Alfred Deakin,ALUMNI_OF,
"Đại học Scotch, Melbourne",George Reid (chính khách Úc),ALUMNI_OF,
Học viện Kilmarnock,Andrew Fisher,ALUMNI_OF,
Đại học Sydney,Earle Page,ALUMNI_OF,
Đại học Melbourne,Harold Holt,ALUMNI_OF,
Trường Ngữ pháp Melbourne,Stanley Bruce,ALUMNI_OF,
"Trường Cao đẳng St. Mary, Toowoomba",Frank Forde,ALUMNI_OF,
Đại học Sydney,William McMahon,ALUMNI_OF,
Đại học Sydney,Gough Whitlam,ALUMNI_OF,
Đại học Sydney,Malcolm Turnbull,ALUMNI_OF,
Trường Trung học Wangaratta,John McEwen,ALUMNI_OF,
Trường Trung học Dandenong,John McEwen,ALUMNI_OF,
"Học viện Quân sự Hoàng gia, Duntroon",John McEwen,ALUMNI_OF,
St Aloysius' College (Sydney),Tony Abbott,ALUMNI_OF,
"Saint Ignatius' College, Riverview",Tony Abbott,ALUMNI_OF,
"St John's College, University of Sydney",Tony Abbott,ALUMNI_OF,
Đại học Oxford,Tony Abbott,ALUMNI_OF,
Đại học Adelaide,Julia Gillard,ALUMNI_OF,
Đại học Melbourne,Julia Gillard,ALUMNI_OF,
Đại học New South Wales,Scott Morrison,ALUMNI_OF,
Đại học Quốc gia Úc,Kevin Rudd,ALUMNI_OF,
Đại học McGill,John Abbott,ALUMNI_OF,
Đại học McGill,Wilfrid Laurier,ALUMNI_OF,
Đại học Saskatchewan,John Diefenbaker,ALUMNI_OF,
Đại học Toronto,William Lyon Mackenzie King,ALUMNI_OF,1909
Đại học Chicago,William Lyon Mackenzie King,ALUMNI_OF,1909
Đại học Harvard,William Lyon Mackenzie King,ALUMNI_OF,1909
Đại học Columbia,Kim Campbell,ALUMNI_OF,
Trường Kinh tế và Khoa học Chính trị Luân Đôn,Kim Campbell,ALUMNI_OF,
"St. Michael's College, Toronto",Paul Martin,ALUMNI_OF,
University of Toronto Faculty of Law,Paul Martin,ALUMNI_OF,
Đại học Malaya,Sellapan Ramanathan,ALUMNI_OF,
Trường Kinh tế London,Tharman Shanmugaratnam,ALUMNI_OF,
Đại học Harvard,Tharman Shanmugaratnam,ALUMNI_OF,
Đại học Quốc gia Singapore,Trần Khánh Viêm,ALUMNI_OF,
Viện Công nghệ Massachusetts,Trần Khánh Viêm,ALUMNI_OF,
Đại học Adelaide,Trần Khánh Viêm,ALUMNI_OF,
Đại học Quốc gia Singapore,Halimah Yacob,ALUMNI_OF,
Đại học Quốc gia Singapore,Ngô Tác Đống,ALUMNI_OF,
Đại học Harvard,Trương Chí Hiền,ALUMNI_OF,
Học viện Quân sự Hoàng gia Thái LanChulachomklao,Prem Tinsulanonda,ALUMNI_OF,
Trường Vũ trang Quân đội Hoa Kỳ,Prem Tinsulanonda,ALUMNI_OF,
Đại học Sư phạm Hoa Đông,Lý Nguyên Triều,ALUMNI_OF,
Đại học Phục Đán,Lý Nguyên Triều,ALUMNI_OF,
Đại học Bắc Kinh,Lý Nguyên Triều,ALUMNI_OF,
Trường Đảng Trung ương Đảng Cộng sản Trung Quốc,Lý Nguyên Triều,ALUMNI_OF,
Đại học Tây Bắc,Vương Kỳ Sơn,ALUMNI_OF,
Đại học Sư phạm Hoa Đông,Hàn Chính (chính khách),ALUMNI_OF,
Đại học Công nghiệp Cáp Nhĩ Tân,Lật Chiến Thư,ALUMNI_OF,
Đại học Bắc Kinh,Lý Khắc Cường,ALUMNI_OF,
Đại học Công nghệ Bắc Kinh,Tăng Khánh Hồng,ALUMNI_OF,
Trường Đảng Trung ương Đảng Cộng sản Trung Quốc,Triệu Hồng Chúc,ALUMNI_OF,
Đại học Tổng hợp Kim Nhật Thành,Trương Đức Giang,ALUMNI_OF,
Trường Đảng Trung ương Đảng Cộng sản Trung Quốc,Tề Tâm,ALUMNI_OF,
Đại học Công nghiệp Cáp Nhĩ Tân,Hoài Tiến Bằng,ALUMNI_OF,
Học viện Hải quân Đại Liên,Đổng Quân,ALUMNI_OF,
Đại học Phục Đán,Kim Tráng Long,ALUMNI_OF,
Trường Đảng Trung ương Đảng Cộng sản Trung Quốc,Kim Tráng Long,ALUMNI_OF,
Đại học Giao thông Tây An,Lục Trị Nguyên,ALUMNI_OF,
Viện Khoa học Trung Quốc,Âm Hòa Tuấn,ALUMNI_OF,
Trường Đảng Trung ương Đảng Cộng sản Trung Quốc,Trần Nhất Tân,ALUMNI_OF,
Trường Đảng Trung ương Đảng Cộng sản Trung Quốc,Hạ Vinh,ALUMNI_OF,
Đại học Chính Pháp Trung Quốc,Vương Hiểu Bình,ALUMNI_OF,
Trường Đảng Trung ương Đảng Cộng sản Trung Quốc,Lam Phật An,ALUMNI_OF,
Đại học Bắc Kinh,Vương Quảng Hoa,ALUMNI_OF,
Trường Đảng Trung ương Đảng Cộng sản Trung Quốc,Vương Quảng Hoa,ALUMNI_OF,
Đại học Công nghệ Thành Đô,Hoàng Nhuận Thu,ALUMNI_OF,
Đại học Công nghiệp Cáp Nhĩ Tân,Nghê Hồng,ALUMNI_OF,
Trường Đảng Trung ương Đảng Cộng sản Trung Quốc,Lý Quốc Anh,ALUMNI_OF,
Đại học Phục Đán,Vương Văn Đào,ALUMNI_OF,
Trường Đảng Trung ương Đảng Cộng sản Trung Quốc,Vương Văn Đào,ALUMNI_OF,
Đại học Bắc Kinh,Tôn Nghiệp Lễ,ALUMNI_OF,
Trường Đảng Trung ương Đảng Cộng sản Trung Quốc,Bùi Kim Giai,ALUMNI_OF,
Trường Đảng Trung ương Đảng Cộng sản Trung Quốc,Vương Tường Hỉ,ALUMNI_OF,
Trường Đảng Trung ương,Trịnh Sách Khiết,ALUMNI_OF,
Đại học Nhân dân Trung Quốc,Phan Nhạc (chính khách),ALUMNI_OF,
Đại học Chiết Giang,Phan Nhạc (chính khách),ALUMNI_OF,
Đại học Sư phạm Hoa Trung,Phan Nhạc (chính khách),ALUMNI_OF,
Trường Đảng Trung ương Đảng Cộng sản Trung Quốc,Phan Nhạc (chính khách),ALUMNI_OF,
Đại học Nhân dân Trung Quốc,Phan Công Thắng,ALUMNI_OF,
Trường Đảng Trung ương Đảng Cộng sản Trung Quốc,Phan Công Thắng,ALUMNI_OF,
Đại học Y khoa Trung Quốc,Mã Hiểu Vĩ,ALUMNI_OF,
Đại học Tài chính Kinh tế Trung ương,Hầu Khải,ALUMNI_OF,
Đại học Công nghiệp Tây Bắc,Hác Bằng,ALUMNI_OF,
Đại học Thanh Hoa,Nghê Nhạc Phong,ALUMNI_OF,
Đại học Bắc Kinh,Vương Quân (sinh năm 1958),ALUMNI_OF,
Đại học Nông nghiệp Bắc Kinh,Hoàng Thủ Hoành,ALUMNI_OF,
Học viện Khoa học Nông nghiệp Trung Quốc,Hoàng Thủ Hoành,ALUMNI_OF,
Đại học Trung Nam,Tiêu Á Khánh,ALUMNI_OF,
Trường sau đại học,Lưu Kết Nhất,ALUMNI_OF,
Đại học Sư phạm Nam Kinh,Thái Danh Chiếu,ALUMNI_OF,
Đại học Chiết Giang,Dịch Hội Mãn,ALUMNI_OF,
Đại học Bắc Kinh,Dịch Hội Mãn,ALUMNI_OF,
Đại học Nam Kinh,Dịch Hội Mãn,ALUMNI_OF,
Đại học Trùng Khánh,Lý Hiểu Hồng,ALUMNI_OF,
Đại học Giao thông Thượng Hải,Thận Hải Hùng,ALUMNI_OF,
Đại học Thanh Hoa,Chu Dung Cơ,ALUMNI_OF,
Đại học Chiết Giang,Lưu Kỳ (sinh năm 1957),ALUMNI_OF,
Đại học Giao thông Tây An,Lưu Kỳ (sinh năm 1957),ALUMNI_OF,
Trường Đảng Trung ương Đảng Cộng sản Trung Quốc,Lưu Kim Quốc,ALUMNI_OF,
Đại học Cát Lâm,Bayanqolu,ALUMNI_OF,
Đại học Cát Lâm,Lý Hồng Trung,ALUMNI_OF,
Đại học Nhân dân Trung Quốc,Lạc Thụ Cương,ALUMNI_OF,
Trường Đảng Trung ương Đảng Cộng sản Trung Quốc,Lạc Thụ Cương,ALUMNI_OF,
Đại học Khoa học và Kỹ thuật Hoa Trung,Lâu Cần Kiệm,ALUMNI_OF,
Đại học Nhân dân Trung Quốc,Vu Vĩ Quốc,ALUMNI_OF,
Đại học Vũ Hán,Lộc Tâm Xã,ALUMNI_OF,
Đại học Sư phạm Hoa Đông,Đỗ Gia Hào,ALUMNI_OF,
Trường Đảng Trung ương Đảng Cộng sản Trung Quốc,Dương Chấn Vũ,ALUMNI_OF,
Trường Đảng Trung ương Đảng Cộng sản Trung Quốc,Triệu Khắc Chí,ALUMNI_OF,
Đại học Thanh Hoa,Ngô Bang Quốc,ALUMNI_OF,
Trường Đảng Trung ương Đảng Cộng sản Trung Quốc,Uông Dương,ALUMNI_OF,
Đại học Bắc Kinh,Hạ Bảo Long,ALUMNI_OF,
Đại học Liêu Ninh,Vương Đông Minh,ALUMNI_OF,
Trường Đại học Công nghệ Quốc phòng Trung Quốc,Hạ Quân Khoa,ALUMNI_OF,
Trường Đảng Trung ương Đảng Cộng sản Trung Quốc,Thẩm Dược Dược,ALUMNI_OF,
Đại học Công nghiệp Hà Bắc,Giả Khánh Lâm,ALUMNI_OF,
Đại học Cát Lâm,Trương Quân,ALUMNI_OF,
Đại học Nhân dân Trung Quốc,Trương Quân,ALUMNI_OF,
Đại học Vũ Hán,Trương Quân,ALUMNI_OF,
Trường Đảng Trung ương Đảng Cộng sản Trung Quốc,Trương Quân,ALUMNI_OF,
"Đại học Dr. Bhim Rao Ambedkar, Agra",Charan Singh,ALUMNI_OF,
"Đại học Wilson, Mumbai",Morarji Desai,ALUMNI_OF,
Đại học Allahabad,Gulzarilal Nanda,ALUMNI_OF,
Đại học Osmania,P. V. Narasimha Rao,ALUMNI_OF,
"Đại học California, Berkeley",Zulfikar Ali Bhutto,ALUMNI_OF,
Đại học Harvard,Rahul Gandhi,ALUMNI_OF,
Đại học Allahabad,V. P. Singh,ALUMNI_OF,
Đại học Pune,V. P. Singh,ALUMNI_OF,
Đại học Allahabad,Chandra Shekhar,ALUMNI_OF,
Đại học Agra,Atal Bihari Vajpayee,ALUMNI_OF,
Trường Thương mại Hailey,I. K. Gujral,ALUMNI_OF,
Đại học Công giáo Forman,I. K. Gujral,ALUMNI_OF,
Đại học Thammasat,Chavarat Charnvirakul,ALUMNI_OF,
Đại học Chiang Mai,Suthep Thaugsuban,ALUMNI_OF,
Eastern Kentucky University,Thaksin Shinawatra,ALUMNI_OF,
Sam Houston State University,Thaksin Shinawatra,ALUMNI_OF,
Đại học Thammasat,Samak Sundaravej,ALUMNI_OF,
Đại học Thammasat,Somchai Wongsawat,ALUMNI_OF,
Đại học Oxford,Seni Pramoj,ALUMNI_OF,
Đại học Oxford,Kukrit Pramoj,ALUMNI_OF,
Đại học Thammasat,Chuan Leekpai,ALUMNI_OF,
Học viện Quân sự Hoàng gia Chulachomklao Trường Quốc phòng Quốc gia Thái Lan,Surayud Chulanont,ALUMNI_OF,
Đại học Srinakharinwirot,Niwatthamrong Boonsongpaisan,ALUMNI_OF,
Đại học Chulalongkorn,Niwatthamrong Boonsongpaisan,ALUMNI_OF,
Học viện Quân sự Hoàng gia Chulachomklao,Prawit Wongsuwan,ALUMNI_OF,
Đại học Quốc phòng Thái Lan,Prawit Wongsuwan,ALUMNI_OF,
National Defence College of Thailand,Prayut Chan-o-cha,ALUMNI_OF,
Chulachomklao Royal Military Academy,Prayut Chan-o-cha,ALUMNI_OF,
Đại học Chulalongkorn,Srettha Thavisin,ALUMNI_OF,
Đại học Chulalongkorn,Paetongtarn Shinawatra,ALUMNI_OF,
Đại học Chulalongkorn,Phumtham Wechayachai,ALUMNI_OF,
Đại học Glasgow,J. M. Barrie,ALUMNI_OF,
Đại học Edinburgh,J. M. Barrie,ALUMNI_OF,
John Handley High School,Patsy Cline,ALUMNI_OF,
Đại học Bangalore,C. Rajagopalachari,ALUMNI_OF,
"Đại học Presidency, Chennai",C. Rajagopalachari,ALUMNI_OF,
Marquette University,Scott Walker (chính khách),ALUMNI_OF,
Đại học Yale,Gina Raimondo,ALUMNI_OF,
Viện Công nghệ Massachusetts,Ricardo Rosselló,ALUMNI_OF,
Đại học Michigan,Ricardo Rosselló,ALUMNI_OF,
Đại học Yale,Mahbub ul Haq,ALUMNI_OF,
Đại học Cambridge,Tony Atkinson,ALUMNI_OF,
Đại học Columbia,Simon Kuznets,ALUMNI_OF,
Đại học Oxford,John Hicks,ALUMNI_OF,
Đại học Viên,Friedrich Hayek,ALUMNI_OF,1921
"University College, London",John Stuart Mill,ALUMNI_OF,
Đại học Wisconsin–Madison,Theodore Schultz,ALUMNI_OF,
Đại học Lund,Bertil Ohlin,ALUMNI_OF,1917
Đại học Harvard,Bertil Ohlin,ALUMNI_OF,1917
Đại học Stockholm,Bertil Ohlin,ALUMNI_OF,1917
Đại học Cambridge,James Meade,ALUMNI_OF,
Đại học Cambridge,Richard Stone,ALUMNI_OF,
Đại học Chicago,James M. Buchanan,ALUMNI_OF,
Đại học Oslo,Trygve Haavelmo,ALUMNI_OF,
"Đại học California, Berkeley",Gérard Debreu,ALUMNI_OF,
École Polytechnique,Maurice Allais,ALUMNI_OF,
The New School,Franco Modigliani,ALUMNI_OF,
Đại học Chicago,Harry Markowitz,ALUMNI_OF,
Đại học Johns Hopkins,Merton Miller,ALUMNI_OF,
Đại học Harvard,Merton Miller,ALUMNI_OF,
"Đại học California, Berkeley",Douglass North,ALUMNI_OF,
Trường kinh tế London,Ronald Coase,ALUMNI_OF,
Đại học Cornell,Robert Fogel,ALUMNI_OF,
Đại học Columbia,Robert Fogel,ALUMNI_OF,
Đại học Johns Hopkins,Robert Fogel,ALUMNI_OF,
Đại học Chicago,George Stigler,ALUMNI_OF,
Đại học Washington,George Stigler,ALUMNI_OF,
Đại học Chicago,"Robert Lucas, Jr.",ALUMNI_OF,
Đại học Columbia,William Vickrey,ALUMNI_OF,
Đại học Yale,William Vickrey,ALUMNI_OF,
Đại học Chicago,Myron Scholes,ALUMNI_OF,
Đại học McMaster,Myron Scholes,ALUMNI_OF,
Đại học Edinburgh,James Mirrlees,ALUMNI_OF,
Đại học Cambridge,James Mirrlees,ALUMNI_OF,
Viện Công nghệ Massachusetts,George Akerlof,ALUMNI_OF,
Đại học Yale,George Akerlof,ALUMNI_OF,
Trường Kinh tế London,Robert Mundell,ALUMNI_OF,
Đại học Washington,Robert Mundell,ALUMNI_OF,
Viện Công nghệ Massachusetts,Robert Mundell,ALUMNI_OF,
Đại học Cornell,Robert F. Engle,ALUMNI_OF,1969
Đại học Nottingham,Clive Granger,ALUMNI_OF,
Đại học Carnegie Mellon,Finn E. Kydland,ALUMNI_OF,
Đại học Yale,Peter A. Diamond,ALUMNI_OF,
Trường Kinh tế và Khoa học Chính trị Luân Đôn,Christopher A. Pissarides,ALUMNI_OF,
Đại học Harvard,Christopher A. Sims,ALUMNI_OF,
Đại học California tại Berkeley,Christopher A. Sims,ALUMNI_OF,
Đại học California tại Berkeley,Thomas J. Sargent,ALUMNI_OF,
Đại học Harvard,Thomas J. Sargent,ALUMNI_OF,
Viện Công nghệ Massachusetts,Jean Tirole,ALUMNI_OF,
École nationale des ponts et chaussées,Jean Tirole,ALUMNI_OF,
École Polytechnique,Jean Tirole,ALUMNI_OF,
University of Rochester,Richard Thaler,ALUMNI_OF,
Case Western Reserve University,Richard Thaler,ALUMNI_OF,
Newark Academy,Richard Thaler,ALUMNI_OF,
Đại học Helsinki,Bengt Holmström,ALUMNI_OF,
Đại học Stanford,Bengt Holmström,ALUMNI_OF,
Đại học Princeton,Joshua Angrist,ALUMNI_OF,
Đại học Cambridge,Charles Villiers Stanford,ALUMNI_OF,
Đại học Bonn,Max Bruch,ALUMNI_OF,
Đại học London,Gustav Holst,ALUMNI_OF,
Pate's Grammar School,Gustav Holst,ALUMNI_OF,
DeWitt Clinton High School,James Baldwin,ALUMNI_OF,
Đại học Duke,Ron Paul,ALUMNI_OF,
Đại học Columbia,William Barr,ALUMNI_OF,
Đại học Harvard,Barney Frank,ALUMNI_OF,
Đại học Yale,Janet Yellen,ALUMNI_OF,
Đại học Brown,Janet Yellen,ALUMNI_OF,
Đại học Baghdad,Nouri al-Maliki,ALUMNI_OF,
Cairo University,Ayman al-Zawahiri,ALUMNI_OF,
Kabul University,Mohammad Najibullah,ALUMNI_OF,
Đại học Yale,Bob Taft,ALUMNI_OF,
Đại học Princeton,Bob Taft,ALUMNI_OF,
Đại học Baghdad,Jalal Talabani,ALUMNI_OF,
Đại học Libya,Mustafa Abdul Jalil,ALUMNI_OF,
Trường Kinh tế và Khoa học Chính trị Luân Đôn,Saif al-Islam Gaddafi,ALUMNI_OF,
Trường Thương mại IE,Khamis Gaddafi,ALUMNI_OF,
Đại học George Washington,Harry Reid,ALUMNI_OF,
Đại học Nebraska tại Omaha,Chuck Hagel,ALUMNI_OF,
Đại học Princeton,Michael Froman,ALUMNI_OF,
Đại học Harvard,Michael Froman,ALUMNI_OF,
Đại học William & Mary,Jen Psaki,ALUMNI_OF,
Đại học California tại Berkeley,Christopher Stevens (đại sứ),ALUMNI_OF,
Đại học California,Christopher Stevens (đại sứ),ALUMNI_OF,
Đại học New Mexico,Gary Johnson,ALUMNI_OF,
Morehouse College,Herman Cain,ALUMNI_OF,
Purdue University,Herman Cain,ALUMNI_OF,
Đại học Harvard,Jill Stein,ALUMNI_OF,
Học viện Quân sự Pakistan,Ashfaq Parvez Kayani,ALUMNI_OF,
Trường Chỉ huy và Tham mưu,Ashfaq Parvez Kayani,ALUMNI_OF,
Trường Chỉ huy và Tổng tham mưu Lục quân Hoa Kỳ,Ashfaq Parvez Kayani,ALUMNI_OF,
"Đại học Quốc phòng Quốc gia, Pakistan",Ashfaq Parvez Kayani,ALUMNI_OF,
Đại học Forman Christian College,Yousaf Raza Gillani,ALUMNI_OF,
Đại học Government College,Yousaf Raza Gillani,ALUMNI_OF,
Đại học Punjab,Yousaf Raza Gillani,ALUMNI_OF,
Đại học Jan Evangelista Purkyně ở Ústí nad Labem,Petr Nečas,ALUMNI_OF,
Đại học Copenhagen,Lars Løkke Rasmussen,ALUMNI_OF,
Islamic University of Gaza,Ismail Haniyeh,ALUMNI_OF,
"St Patrick's College, Dublin",Enda Kenny,ALUMNI_OF,
"National University of Ireland, Galway",Enda Kenny,ALUMNI_OF,
Đại học Canterbury,John Key,ALUMNI_OF,
Đại học Aarhus,Anders Fogh Rasmussen,ALUMNI_OF,
Học viện Quân sự Hoa Kỳ,Lloyd Austin,ALUMNI_OF,
Đại học Y khoa Tabriz,Masoud Pezeshkian,ALUMNI_OF,
Đại học Y khoa Iran,Masoud Pezeshkian,ALUMNI_OF,
Đại học Oxford,Henry V của Anh,ALUMNI_OF,
Học viện Công nghệ Bandung,Sukarno,ALUMNI_OF,
Trường Ngữ pháp Karachi,Abdurrahman Wahid,ALUMNI_OF,
Đại học Al-Azhar,Abdurrahman Wahid,ALUMNI_OF,
Đại học Baghdad,Abdurrahman Wahid,ALUMNI_OF,
Đại học Duke,Rand Paul,ALUMNI_OF,
Đại học Stanford,Cory Booker,ALUMNI_OF,
Đại học Yale,Cory Booker,ALUMNI_OF,
Đại học New York,Bill de Blasio,ALUMNI_OF,
Đại học Columbia,Bill de Blasio,ALUMNI_OF,
Pomona College,Marianne Williamson,ALUMNI_OF,
Wesleyan University,John Hickenlooper,ALUMNI_OF,
Southern Methodist University,Hope Hicks,ALUMNI_OF,
Đại học Rochester,Josh Shapiro,ALUMNI_OF,
Georgetown University Law Center,Josh Shapiro,ALUMNI_OF,
Đại học Harvard,Jared Kushner,ALUMNI_OF,
New York University,Jared Kushner,ALUMNI_OF,
Đại học Butler,Karen Pence,ALUMNI_OF,
Đại học Bagdad,Mohammed Shia' Al Sudani,ALUMNI_OF,
Đại học Makerere,Joseph Kabila,ALUMNI_OF,
Đại học Quốc phòng Quân Giải phóng Nhân dân,Joseph Kabila,ALUMNI_OF,
Trường Đại học Y khoa Azerbaijan,Mehriban Aliyeva,ALUMNI_OF,
Kyiv National University of Trade and Economics,Yulia Anatoliivna Svyrydenko,ALUMNI_OF,
Học viện Nghệ thuật Hoàng gia Nga,Ilya Yefimovich Repin,ALUMNI_OF,
Đại học Kinh tế Quốc gia Ternopil,Viktor Andriyovych Yushchenko,ALUMNI_OF,
Học viện Ngân hàng Ukraina của Ngân hàng Quốc gia Ukraina,Viktor Andriyovych Yushchenko,ALUMNI_OF,
Đại học quốc gia Dnipropetrovsk,Yulia Volodymyrivna Tymoshenko,ALUMNI_OF,
Đại học Limoges,Abdoulkader Kamil Mohamed,ALUMNI_OF,
Đại học Addis Ababa,Meaza Ashenafi,ALUMNI_OF,
Đại học Kent,Meaza Ashenafi,ALUMNI_OF,
Đại học Harvard,Robert Todd Lincoln,ALUMNI_OF,
Đại học Illinois tại Urbana-Champaign,Jesse Jackson,ALUMNI_OF,
Đại học Kỹ thuật Nông nghiệp bang Bắc Carolina,Jesse Jackson,ALUMNI_OF,
Viện thần học Chicago,Jesse Jackson,ALUMNI_OF,
Đại học Harvard,Jack Lew,ALUMNI_OF,
Đại học Muskingum,John Glenn,ALUMNI_OF,
Đại học Yale,T. Keith Glennan,ALUMNI_OF,
Trường Harrow,Harold Alexander,ALUMNI_OF,
Đại học Milan,Bettino Craxi,ALUMNI_OF,
Đại học Firenze,Giovanni Spadolini,ALUMNI_OF,
Đại học Bocconi,Mario Monti,ALUMNI_OF,
Đại học Pisa,Enrico Letta,ALUMNI_OF,
Đại học Paris,Habib Bourguiba,ALUMNI_OF,
Đại học Cairo,Mostafa Madbouly,ALUMNI_OF,
Học viện Quân sự Ai Cập,Abdel Fattah el-Sisi,ALUMNI_OF,
Đại học Cairo,Mohamed Morsi,ALUMNI_OF,
Đại học Nam California,Mohamed Morsi,ALUMNI_OF,
Đại học Istanbul,Numan Kurtulmuş,ALUMNI_OF,
Đại học La Habana,Ramón Grau,ALUMNI_OF,
Đại học Havana,Carlos Prío Socarrás,ALUMNI_OF,
Đại học Buenos Aires,Che Guevara,ALUMNI_OF,
Đại học La Habana,Osvaldo Dorticós Torrado,ALUMNI_OF,
Đại học Syracuse,Stephen Crane,ALUMNI_OF,
Claverack College,Stephen Crane,ALUMNI_OF,
The Pennington School,Stephen Crane,ALUMNI_OF,
Đại học Công giáo Forman,Pervez Musharraf,ALUMNI_OF,
Học viện Quân sự Pakistan,Pervez Musharraf,ALUMNI_OF,
Trường Tham mưu và Chỉ huy,Pervez Musharraf,ALUMNI_OF,
"Đại học Quốc phòng, Pakistan",Pervez Musharraf,ALUMNI_OF,
Trường Giáo dục Quốc phòng Hoàng gia,Pervez Musharraf,ALUMNI_OF,
Đại học Hoàng đế Luân Đôn,Ahmad Massoud,ALUMNI_OF,
Đại học London,Ahmad Massoud,ALUMNI_OF,
Đại học Y khoa Kabul,Abdullah Abdullah,ALUMNI_OF,
Đại học Sofia,Georgi Parvanov,ALUMNI_OF,
Đại học bang Michigan,Moussa Koussa,ALUMNI_OF,
Học viện Hải quân Hoa Kỳ,Roscoe H. Hillenkoetter,ALUMNI_OF,
Sapienza University of Rome,Federica Mogherini,ALUMNI_OF,
"Trường St. Stephen, Delhi",Muhammad Zia-ul-Haq,ALUMNI_OF,
Đại học Oxford,Imran Khan,ALUMNI_OF,
"Đại học Cao đẳng Chính phủ, Lahore",Shehbaz Sharif,ALUMNI_OF,
"Đại học Punjab, Lahore",Yahya Khan,ALUMNI_OF,
Học viện Quân sự Ấn Độ,Yahya Khan,ALUMNI_OF,
Đại học Drexel,Alassane Ouattara,ALUMNI_OF,
Đại học Pennsylvania,Alassane Ouattara,ALUMNI_OF,
Đại học Pennsylvania,Noam Chomsky,ALUMNI_OF,
Royal Military Academy Sandhurst,Mohamed bin Zayed Al Nahyan,ALUMNI_OF,
Clemson University,Nikki Haley,ALUMNI_OF,
"Đại học California, Berkeley",John Kenneth Galbraith,ALUMNI_OF,
Đại học Toronto,John Kenneth Galbraith,ALUMNI_OF,
Đại học Khoa học Hoàng gia,H. G. Wells,ALUMNI_OF,
Đại học Hoàng gia Luân Đôn,H. G. Wells,ALUMNI_OF,
Đại học Charles ở Praha,Karel Čapek,ALUMNI_OF,
Đại học Leiden,René Descartes,ALUMNI_OF,
Đại học Utrecht,René Descartes,ALUMNI_OF,
Đại học Yale,Rafael Mandelman,ALUMNI_OF,
Đại học Harvard,Rafael Mandelman,ALUMNI_OF,
"Đại học California, Berkeley",Rafael Mandelman,ALUMNI_OF,
"Đại học New York, Albany",Harvey Milk,ALUMNI_OF,
Đại học Chicago,Roger Ebert,ALUMNI_OF,
Đại học Tokyo,Uchibori Masao,ALUMNI_OF,
"University of California, Santa Cruz",H3h3Productions,ALUMNI_OF,
Shenkar College of Engineering and Design,H3h3Productions,ALUMNI_OF,
Đại học Princeton,Pete Hegseth,ALUMNI_OF,
Đại học Harvard,Pete Hegseth,ALUMNI_OF,
The Catholic University of America,Martin O'Malley,ALUMNI_OF,
"Đại học Maryland, Baltimore",Martin O'Malley,ALUMNI_OF,
Đại học Princeton,Ted Cruz,ALUMNI_OF,1992
Đại học Harvard,Ted Cruz,ALUMNI_OF,1992
Đại học Yale,Ben Carson,ALUMNI_OF,
Đại học Michigan,Ben Carson,ALUMNI_OF,
University of Southern California,Dean Heller,ALUMNI_OF,
Đại học Paris,Jacques-Louis David,ALUMNI_OF,
Đại học San Andrés,Luis Arce,ALUMNI_OF,
Đại học Warwick,Luis Arce,ALUMNI_OF,
Đại học Oxford,John Wilkins,ALUMNI_OF,
Viện Công nghệ Massachusetts,Vannevar Bush,ALUMNI_OF,
Oberlin College,Khổng Tường Hy,ALUMNI_OF,
Soochow University (Suzhou),Tưởng Vĩ Quốc,ALUMNI_OF,
Học viện quân sự trung ương,Tưởng Vĩ Quốc,ALUMNI_OF,
Đại học quốc phòng,Tưởng Vĩ Quốc,ALUMNI_OF,
Đại học Philippines Manila,Elpidio Quirino,ALUMNI_OF,
Đại học quốc lập Đài Loan,Trần Thủy Biển,ALUMNI_OF,
Đại học Leipzig,Robert Schumann,ALUMNI_OF,
Đại học Heidelberg,Robert Schumann,ALUMNI_OF,
Đại học Leipzig,Richard Wagner,ALUMNI_OF,
Đại học Paris,Edvard Beneš,ALUMNI_OF,
Đại học Cambridge,Robert Service (sử gia),ALUMNI_OF,
"Đại học California, Berkeley",Stephen Kotkin,ALUMNI_OF,
Đại học Warsaw,Małgorzata Kidawa-Błońska,ALUMNI_OF,
Học viện Mỹ thuật Jan Matejko,Jan Matejko,ALUMNI_OF,
Đại học Jagiellonia,Jan Matejko,ALUMNI_OF,
Đại học Viên,Christian Stocker,ALUMNI_OF,
Đại học Innsbruck,Alexander Van der Bellen,ALUMNI_OF,
Trường trung học Henriettenplatz,Werner Faymann,ALUMNI_OF,
Đại học Viên,Sebastian Kurz,ALUMNI_OF,
Đại học Âm nhạc và Nghệ thuật biểu diễn Vienna,Anton Bruckner,ALUMNI_OF,
Đại học Graz,Karl Böhm,ALUMNI_OF,
Đại học Viên,Gustav Mahler,ALUMNI_OF,
Đại học Âm nhạc và Nghệ thuật biểu diễn Vienna,Franz Schubert,ALUMNI_OF,
Đại học Âm nhạc và Nghệ thuật biểu diễn Vienna,Alban Berg,ALUMNI_OF,
Đại học Quốc gia Singapore,Trần Phùng Phú Trân,ALUMNI_OF,
Đại học Harvard,Trần Phùng Phú Trân,ALUMNI_OF,
Đại học Potchefstroom,Marike de Klerk,ALUMNI_OF,
Đại học Columbia,Bhimrao Ambedkar,ALUMNI_OF,
Trường Kinh tế và Khoa học Chính trị Luân Đôn,Bhimrao Ambedkar,ALUMNI_OF,
Đại học Syracuse,Aaron Sorkin,ALUMNI_OF,
Scarsdale High School,Aaron Sorkin,ALUMNI_OF,
Đại học Boston,Alexandria Ocasio-Cortez,ALUMNI_OF,
Đại học King Saud,Mohammed bin Salman,ALUMNI_OF,
Aspen Institute,Oleksiy Honcharuk,ALUMNI_OF,
Đại học Quốc gia Taras Shevchenko của Kyiv,Petro Oleksiyovych Poroshenko,ALUMNI_OF,
Học viện Quản trị Nhân sự,Volodymyr Groysman,ALUMNI_OF,
National Academy of Management,Volodymyr Groysman,ALUMNI_OF,
Đại học Quốc gia Dnipropetrovsk,Leonid Danylovych Kuchma,ALUMNI_OF,
Học viện Luyện kim Quốc gia Ukraina,Oleksandr Valentynovych Turchynov,ALUMNI_OF,
Đại học Kiev,Leonid Makarovych Kravchuk,ALUMNI_OF,
Học viện Khoa học Xã hội (định hướng),Leonid Makarovych Kravchuk,ALUMNI_OF,
Kharkiv National University of Internal Affairs,Iryna Venediktova,ALUMNI_OF,
Học viện Quan hệ Quốc tế Moscow,Sergey Viktorovich Lavrov,ALUMNI_OF,
Đại học Kyoto,Maehara Seiji,ALUMNI_OF,
Trường Thánh Giuse,Charles Haughey,ALUMNI_OF,
Đại học Cao đẳng Dublin,Charles Haughey,ALUMNI_OF,
Complutense University of Madrid,Alan García,ALUMNI_OF,
Đại học Pantheon-Sorbonne,Alan García,ALUMNI_OF,
Trường Quân sự Chorrillos,Ollanta Humala,ALUMNI_OF,
Đại học Tổng hợp Hà Nội,Nguyễn Phú Trọng,ALUMNI_OF,1963
Học viện Chính trị Quốc gia Hồ Chí Minh,Nguyễn Phú Trọng,ALUMNI_OF,1963
Viện Hàn lâm Khoa học xã hội thuộc Trung ương Đảng Cộng sản Liên Xô,Nguyễn Phú Trọng,ALUMNI_OF,1963
Trường Đại học Mỏ – Địa chất,Trần Đức Lương,ALUMNI_OF,1966
Trường Đại học Luật Thành phố Hồ Chí Minh,Nguyễn Tấn Dũng,ALUMNI_OF,
Học viện Chính trị Quốc gia Hồ Chí Minh,Nguyễn Tấn Dũng,ALUMNI_OF,
Đại học Cornell,Kurt Vonnegut,ALUMNI_OF,
Đại học Carnegie Mellon,Kurt Vonnegut,ALUMNI_OF,
Đại học Chicago,Kurt Vonnegut,ALUMNI_OF,
Đại học Vienna,Joseph Schumpeter,ALUMNI_OF,
Đại học quốc lập Đài Loan,Lý Đăng Huy,ALUMNI_OF,
Đại học Cornell,Lý Đăng Huy,ALUMNI_OF,
Đại học quốc lập Đài Loan,Thái Anh Văn,ALUMNI_OF,
Đại học Cornell,Thái Anh Văn,ALUMNI_OF,
Đại học London,Thái Anh Văn,ALUMNI_OF,
Đại học St. Olaf,Ernest Lawrence,ALUMNI_OF,
Đại học Port Harcourt,Goodluck Jonathan,ALUMNI_OF,
Học viện Quốc phòng Nigeria,Muhammadu Buhari,ALUMNI_OF,
United States Army War College,Muhammadu Buhari,ALUMNI_OF,
Trường Đại học Kinh tế Quốc dân,Nguyễn Xuân Phúc,ALUMNI_OF,
Học viện Hành chính Quốc gia,Nguyễn Xuân Phúc,ALUMNI_OF,
Đại học Quốc gia Singapore,Nguyễn Xuân Phúc,ALUMNI_OF,
Học viện Chính trị Quốc gia Hồ Chí Minh,Nguyễn Xuân Phúc,ALUMNI_OF,
Viện Nghệ thuật Hoàng gia Thụy Điển,Anders Zorn,ALUMNI_OF,
Học viện Mỹ thuật Hoàng gia Thụy Điển,Anders Zorn,ALUMNI_OF,
Học viện Mỹ thuật Hoàng gia San Fernando,Pablo Picasso,ALUMNI_OF,
Trường Nghệ thuật và Thiết kế Cao cấp Pablo Picasso,Pablo Picasso,ALUMNI_OF,
Đại học Radboud Nijmegen,Dries van Agt,ALUMNI_OF,
Học viện Nghệ thuật Hoàng gia,Piet Mondrian,ALUMNI_OF,
Học viện Mỹ thuật Hoàng gia,Vincent van Gogh,ALUMNI_OF,
Đại học Waseda,Furukawa Shuntaro,ALUMNI_OF,
Đại học Waseda,Yamauchi Hiroshi,ALUMNI_OF,
Đại học Waseda,Ishibashi Tanzan,ALUMNI_OF,
Đại học Waseda,Kaifu Toshiki,ALUMNI_OF,
Đại học Waseda,Obuchi Keizō,ALUMNI_OF,
Đại học Thanh Hoa,Vương Hy Cần,ALUMNI_OF,
Đại học,Tào Ngu,ALUMNI_OF,
Đại học Thanh Hoa,Tào Ngu,ALUMNI_OF,
Đại học Thanh Hoa,Chu Tiểu Xuyên,ALUMNI_OF,
Đại học Thanh Hoa,Hoàng Cúc,ALUMNI_OF,
Đại học Thanh Hoa,Giả Xuân Vượng,ALUMNI_OF,
Đại học Stockholm,Andreas Norlén,ALUMNI_OF,
Đại học Linköping,Andreas Norlén,ALUMNI_OF,
Đại học Lund,Tage Erlander,ALUMNI_OF,
Đại học Lund,Ingvar Carlsson,ALUMNI_OF,
Đại học Stockholm,Fredrik Reinfeldt,ALUMNI_OF,
Đại học Thanh Hoa,Ân Dũng,ALUMNI_OF,
Đại học Harvard,Ân Dũng,ALUMNI_OF,
Viện Hàn lâm Khoa học Liên Xô,Doãn Lực,ALUMNI_OF,
Trường Đảng Trung ương Đảng Cộng sản Trung Quốc,Doãn Lực,ALUMNI_OF,
Đại học Stanford,Vương tôn William xứ Gloucester,ALUMNI_OF,
Học viện Mỹ thuật Quốc gia,Philip de László,ALUMNI_OF,
Học viện Julian,Philip de László,ALUMNI_OF,
Đại học Mỹ thuật Hungary,Philip de László,ALUMNI_OF,
Đại học Pennsylvania,Toomas Hendrik Ilves,ALUMNI_OF,
Đại học Exeter,Zara Tindall,ALUMNI_OF,
Trường Kinh tế và Khoa học Chính trị Luân Đôn,John Atta Mills,ALUMNI_OF,
Đại học Ghana,John Dramani Mahama,ALUMNI_OF,
Đại học Oxford,Nana Akufo-Addo,ALUMNI_OF,
University of Ghana,Nana Akufo-Addo,ALUMNI_OF,
"Đại học California, Los Angeles",Ardem Patapoutian,ALUMNI_OF,
Viện Công nghệ California,Ardem Patapoutian,ALUMNI_OF,
Đại học Torino,Palmiro Togliatti,ALUMNI_OF,
Đại học Kinh tế Quốc dân Plekhanov,Mikhail Andreyevich Suslov,ALUMNI_OF,
Đại học California tại Berkeley,Steven Chu,ALUMNI_OF,
Cairo University,Jehan Sadat,ALUMNI_OF,
Đại học Cambridge,Salman Rushdie,ALUMNI_OF,
Đại học Gdańsk,Aleksander Kwaśniewski,ALUMNI_OF,
Đại học Philippines,"Benigno Aquino, Jr.",ALUMNI_OF,
Đại học Ateneo de Manila,Benigno Aquino III,ALUMNI_OF,
Học viện Quân sự Hoa Kỳ,Fidel Ramos,ALUMNI_OF,
Viện Công nghệ Mapúa,Joseph Estrada,ALUMNI_OF,
Đại học Trung ương Philippines,Joseph Estrada,ALUMNI_OF,
Đại học San Carlos,Sergio Osmeña,ALUMNI_OF,
Đại học San Juan de Letran,Sergio Osmeña,ALUMNI_OF,
Đại học Santo Tomas,Sergio Osmeña,ALUMNI_OF,
Đại học Manila,Manuel Roxas,ALUMNI_OF,
Trường luật Đại học Philippines,Manuel Roxas,ALUMNI_OF,
Đại học San Juan de Letran,Emilio Aguinaldo,ALUMNI_OF,
Viện Đại học Đông Dương,Võ Nguyên Giáp,ALUMNI_OF,
Đại học San Juan de Letran,José P. Laurel,ALUMNI_OF,
Trường luật Đại học Philippines,José P. Laurel,ALUMNI_OF,
Đại học Santo Tomas,José P. Laurel,ALUMNI_OF,
Đại học Yale,José P. Laurel,ALUMNI_OF,
Đại học José Rizal,Ramon Magsaysay,ALUMNI_OF,
Đại học Philippines,Diosdado Macapagal,ALUMNI_OF,
Đại học Silliman,Carlos Polistico García,ALUMNI_OF,
Trường luật Philippines,Carlos Polistico García,ALUMNI_OF,
Đại học Quốc gia (Philippines),Carlos Polistico García,ALUMNI_OF,
Đại học Georgetown,Gloria Macapagal Arroyo,ALUMNI_OF,
Đại học Hoa Kỳ Beirut,George Habash,ALUMNI_OF,
Kirori Mal College,Amitabh Bachchan,ALUMNI_OF,
Boys' High School & College,Amitabh Bachchan,ALUMNI_OF,
Post Graduate Government College – 11,Amitabh Bachchan,ALUMNI_OF,
Đại học Sri Venkateswara,N. Chandrababu Naidu,ALUMNI_OF,
Đại học Barcelona,Lluís Domènech i Montaner,ALUMNI_OF,
Đại học Nghệ thuật Tokyo,Murakami Takashi,ALUMNI_OF,
Trường THCS và THPT Hongō,Murakami Takashi,ALUMNI_OF,
Đại học Khoa học và Kỹ thuật Hoa Trung,Đường Lương Trí,ALUMNI_OF,
Trường Đảng Trung ương Đảng Cộng sản Trung Quốc,Đường Lương Trí,ALUMNI_OF,
Trường Đảng Trung ương,Trần Mẫn Nhĩ,ALUMNI_OF,
Đại học Bắc Kinh,Bạc Hy Lai,ALUMNI_OF,
Đại học George Washington,Glenn Greenwald,ALUMNI_OF,
Đại học New York,Glenn Greenwald,ALUMNI_OF,
University of Chicago,James Comey,ALUMNI_OF,
Đại học Bang Central Connecticut,Miguel Cardona,ALUMNI_OF,
Đại học Connecticut,Miguel Cardona,ALUMNI_OF,
Portsmouth Polytechnic,Grayson Perry,ALUMNI_OF,
Đại học Portsmouth,Grayson Perry,ALUMNI_OF,
Trường ngữ pháp King Edward VI,Grayson Perry,ALUMNI_OF,
Đại học Queen Belfast,Mary McAleese,ALUMNI_OF,
"Trinity College, Dublin",Mary McAleese,ALUMNI_OF,
Đại học Công giáo Forman,Muhammad Mian Soomro,ALUMNI_OF,
"Viện Quản trị Kinh doanh, Karachi",Mamnoon Hussain,ALUMNI_OF,
Đại học Cambridge,Anthony Lake,ALUMNI_OF,
St Anne's College,Simon Rattle,ALUMNI_OF,
Liverpool College,Simon Rattle,ALUMNI_OF,
Đại học Comenius,Miroslav Lajčák,ALUMNI_OF,
Đại học Oxford,Thomas More,ALUMNI_OF,
Đại học Nhà vua Luân Đôn,Thomas Hardy,ALUMNI_OF,
Đại học Nottingham,D. H. Lawrence,ALUMNI_OF,
Đại học Nhà vua Luân Đôn,Virginia Woolf,ALUMNI_OF,
Đại học Exeter,J. K. Rowling,ALUMNI_OF,
Đại học Kent,Kazuo Ishiguro,ALUMNI_OF,
Đại học Đông Anglia,Kazuo Ishiguro,ALUMNI_OF,
Trường Westminster,Henry Purcell,ALUMNI_OF,
Gresham's School,Benjamin Britten,ALUMNI_OF,
Old Buckenham Hall School,Benjamin Britten,ALUMNI_OF,
Trường Thánh Phêrô,John Barry (nhà soạn nhạc),ALUMNI_OF,
University of Ghent,Jacques Rogge,ALUMNI_OF,
Học viện Hành chính Quốc gia,Võ Thị Ánh Xuân,ALUMNI_OF,
Đại học Cần Thơ,Võ Thị Ánh Xuân,ALUMNI_OF,
Trường Đại học Tổng hợp Thành phố Hồ Chí Minh,Võ Văn Thưởng,ALUMNI_OF,1988
"Trường Đại học Khoa học Xã hội và Nhân văn, Đại học Quốc gia Thành phố Hồ Chí Minh",Võ Văn Thưởng,ALUMNI_OF,1988
Học viện Hành chính Quốc gia,Võ Văn Thưởng,ALUMNI_OF,1988
Học viện Chính trị Quốc gia Hồ Chí Minh,Võ Văn Thưởng,ALUMNI_OF,1988
Đại học Hamburg,Ole von Beust,ALUMNI_OF,
Humboldt University of Berlin,Sabine Bergmann-Pohl,ALUMNI_OF,
Đại học Moskva,Nikolai Ivanovich Bukharin,ALUMNI_OF,1911
Đại học Odessa,Lev Davidovich Trotsky,ALUMNI_OF,
Đại học Oxford,John Keegan,ALUMNI_OF,
Đại học Stanford,Norman Naimark,ALUMNI_OF,
University of Göttingen,Ursula von der Leyen,ALUMNI_OF,
École spéciale militaire de Saint-Cyr,Patrice de Mac Mahon,ALUMNI_OF,
Đại học Cambridge,Peter Paul Rubens,ALUMNI_OF,
Học viện Mỹ thuật Hoàng gia,René Magritte,ALUMNI_OF,
Đại học Jean Moulin Lyon 3,Anne Hidalgo,ALUMNI_OF,
Học viện Thụy Sĩ,Camille Pissarro,ALUMNI_OF,
Trường Lycée Condorcet,Georges Eugène Haussmann,ALUMNI_OF,
Đại học Keele,Netumbo Nandi-Ndaitwah,ALUMNI_OF,
Đại học Glasgow Caledonian,Netumbo Nandi-Ndaitwah,ALUMNI_OF,
University of North London,Sadiq Khan,ALUMNI_OF,
The University of Law,Sadiq Khan,ALUMNI_OF,
Đại học Panthéon-Assas,Sébastien Lecornu,ALUMNI_OF,
Đại học Minnesota,Lamberto Dini,ALUMNI_OF,
Đại học Michigan,Lamberto Dini,ALUMNI_OF,
Đại học Kiel,Franz Oppenheimer,ALUMNI_OF,
Đại học Rennes 2 – Thượng Brittany,Jean-Yves Le Drian,ALUMNI_OF,
École Normale Supérieure,Jean Jaurès,ALUMNI_OF,
Đại học Paris,Jean-Luc Godard,ALUMNI_OF,
Đại học Paris,Jean-Luc Godard,ALUMNI_OF,
Trường nghiên cứu cao cấp thực hành,Chandrika Kumaratunga,ALUMNI_OF,
Đại học Genoa,Giuseppe Mazzini,ALUMNI_OF,
École normale supérieure de Lyon,Ian Brossat,ALUMNI_OF,
Đại học Kinh tế Quốc gia và Thế giới,Kristalina Georgieva,ALUMNI_OF,
Đại học Athens,Vassiliki Thanou-Christophilou,ALUMNI_OF,
Đại học Paris II,Vassiliki Thanou-Christophilou,ALUMNI_OF,
Đại học Tokyo,Ueda Kazuo,ALUMNI_OF,
Viện Công nghệ Massachusetts,Ueda Kazuo,ALUMNI_OF,
Đại học Wesleyan,John Lipsky,ALUMNI_OF,
Đại học Stanford,John Lipsky,ALUMNI_OF,
Đại học Tokyo,Katō Katsunobu,ALUMNI_OF,
Đại học Harvard,Charles Joseph Bonaparte,ALUMNI_OF,
Đại học Waseda,Nukaga Fukushirō,ALUMNI_OF,
Trường đại học Poitiers,François Rabelais,ALUMNI_OF,
Trường đại học Montpellier,François Rabelais,ALUMNI_OF,
Đại học Tartu,Andrus Ansip,ALUMNI_OF,
Đại học Helsinki,Matti Vanhanen,ALUMNI_OF,
"Cistercian College, Roscrea",Brian Cowen,ALUMNI_OF,
University College Dublin,Brian Cowen,ALUMNI_OF,
Đại học Comenius,Robert Fico,ALUMNI_OF,
Đại học Turin,Urbano Rattazzi,ALUMNI_OF,
Trường Nội trú Quốc gia Cicognini,Bettino Ricasoli,ALUMNI_OF,
Đại học Palermo,Francesco Crispi,ALUMNI_OF,
Đại học Turin,Giovanni Giolitti,ALUMNI_OF,
Đại học Padua,Luigi Luzzatti,ALUMNI_OF,
Đại học Napoli Federico II,Antonio Salandra,ALUMNI_OF,
Đại học Bari,Aldo Moro,ALUMNI_OF,
Đại học Urbino,Arnaldo Forlani,ALUMNI_OF,
Đại học Panthéon-Assas,Alexander Schallenberg,ALUMNI_OF,
Đại học Wien,Christian Kern,ALUMNI_OF,
Đại học Viên,Brigitte Bierlein,ALUMNI_OF,
Đại học Kinh tế và Doanh nghiệp Viên,Hartwig Löger,ALUMNI_OF,
Đại học St. Gallen,Hartwig Löger,ALUMNI_OF,
Học viện quân sự Georgi Rakovski,Rumen Radev,ALUMNI_OF,
Trường đại học không chiến,Rumen Radev,ALUMNI_OF,
"Đại học Kinh tế, Praha",Miloš Zeman,ALUMNI_OF,
Đại học Masaryk,Bohuslav Sobotka,ALUMNI_OF,
Đại học Masaryk,Petr Fiala,ALUMNI_OF,
Đại học Charles ở Praha,Petr Fiala,ALUMNI_OF,
Đại học Zagreb,Zoran Milanović,ALUMNI_OF,
Đại học Zagreb,Franjo Tuđman,ALUMNI_OF,
Đại học Copenhagen,Helle Thorning-Schmidt,ALUMNI_OF,
Đại học Nhà vua Luân Đôn,Petr Pavel,ALUMNI_OF,
Đại học Charles-Ferdinand,Franz Kafka,ALUMNI_OF,
Đại học Copenhagen,Margrethe Vestager,ALUMNI_OF,
Đại học Copenhagen,Johannes Vilhelm Jensen,ALUMNI_OF,
Học viện Mỹ thuật Hoàng gia Đan Mạch,Jørn Utzon,ALUMNI_OF,
Đại học Khoa học Đời sống Estonia,Alar Karis,ALUMNI_OF,
Đại học Helsinki,Anneli Jäätteenmäki,ALUMNI_OF,
Đại học Helsinki,Mari Kiviniemi,ALUMNI_OF,
Đại học Helsinki,Rafael Erich,ALUMNI_OF,
Đại học Helsinki,Antti Tulenheimo,ALUMNI_OF,
Đại học Helsinki,Edwin Linkomies,ALUMNI_OF,
Đại học Helsinki,Pehr Evind Svinhufvud,ALUMNI_OF,
Đại học Helsinki,Johan Wilhelm Rangell,ALUMNI_OF,
Đại học Helsinki,Juho Kusti Paasikivi,ALUMNI_OF,
Đại học Helsinki,Urho Kekkonen,ALUMNI_OF,
Đại học Helsinki,Keijo Liinamaa,ALUMNI_OF,
Đại học Helsinki,Teuvo Aura,ALUMNI_OF,
Đại học Tampere,Jyrki Katainen,ALUMNI_OF,
Đại học Helsinki,Harri Holkeri,ALUMNI_OF,
Đại học Paris-Sorbonne,Alexander Stubb,ALUMNI_OF,
Trường Kinh tế London,Alexander Stubb,ALUMNI_OF,
Đại học Oulu,Juha Sipilä,ALUMNI_OF,
Đại học Turku,Sauli Niinistö,ALUMNI_OF,
Đại học Eötvös Loránd,Orbán Viktor,ALUMNI_OF,
Đại học Athens,Konstantinos Karamanlis,ALUMNI_OF,
