src_person,dst_university,relation,year
Abiy Ahmed,Đại học Greenwich,ALUMNI_OF,
Abdullah Gül,Đại học Istanbul,ALUMNI_OF,
Abdullah Gül,Đại học Exeter,ALUMNI_OF,
Adly Mansour,Đại học Cairo,ALUMNI_OF,
Adly Mansour,École nationale d'administration,ALUMNI_OF,
Abhisit Vejjajiva,Eton College,ALUMNI_OF,
Ahmad Massoud,Đại học Hoàng đế Luân Đôn,ALUMNI_OF,
Ahmad Massoud,Đại học London,ALUMNI_OF,
Alain Poher,École nationale supérieure des mines de Paris,ALUMNI_OF,
Alain Poher,Sciences Po,ALUMNI_OF,
Abe Shinzō,Đại học Seikei,ALUMNI_OF,
Abe Shinzō,Đại học Nam California,ALUMNI_OF,
Alain Juppé,Sciences Po,ALUMNI_OF,
Alain Juppé,École nationale d'administration,ALUMNI_OF,
Alan García,Complutense University of Madrid,ALUMNI_OF,
Alan García,Đại học Pantheon-Sorbonne,ALUMNI_OF,
Alassane Ouattara,Đại học Drexel,ALUMNI_OF,
Alassane Ouattara,Đại học Pennsylvania,ALUMNI_OF,
Alben W. Barkley,University of Virginia,ALUMNI_OF,
Alenka Bratušek,Đại học Ljubljana,ALUMNI_OF,
Aleksander Kwaśniewski,Đại học Gdańsk,ALUMNI_OF,
Alex Salmond,Đại học St Andrews,ALUMNI_OF,
Alcide De Gasperi,Đại học Viên,ALUMNI_OF,
Alberto Fernández,Đại học Buenos Aires,ALUMNI_OF,
Albert Speer,Đại học Kỹ thuật Berlin,ALUMNI_OF,
Albert Speer,Đại học Kỹ thuật München,ALUMNI_OF,
Alexander Schallenberg,Đại học Panthéon-Assas,ALUMNI_OF,
Albert Gallatin,Đại học Geneva,ALUMNI_OF,
Alexander Stubb,Đại học Paris-Sorbonne,ALUMNI_OF,
Alexander Stubb,Trường Kinh tế London,ALUMNI_OF,
Alberto Fujimori,Đại học Strasbourg,ALUMNI_OF,
Alexandre Millerand,Đại học Paris,ALUMNI_OF,
Alfred Rosenberg,Đại học Kỹ thuật Quốc gia Moskva Bauman,ALUMNI_OF,
Anders Fogh Rasmussen,Đại học Aarhus,ALUMNI_OF,
Amy Coney Barrett,Đại học Notre Dame,ALUMNI_OF,
Alfred Deakin,Đại học Melbourne,ALUMNI_OF,
Andreas Norlén,Đại học Stockholm,ALUMNI_OF,
Andreas Norlén,Đại học Linköping,ALUMNI_OF,
Andrew Giuliani,Duke University,ALUMNI_OF,
Andrus Ansip,Đại học Tartu,ALUMNI_OF,
Allen Dulles,Đại học Princeton,ALUMNI_OF,
Allen Dulles,Cử nhân Nghệ thuật,ALUMNI_OF,
Allen Dulles,Đại học George Washington,ALUMNI_OF,
Andrés Manuel López Obrador,Đại học Tự trị Quốc gia México,ALUMNI_OF,
Alexandria Ocasio-Cortez,Đại học Boston,ALUMNI_OF,
Alexandria Ocasio-Cortez,Cử nhân Nghệ thuật,ALUMNI_OF,
Anneli Jäätteenmäki,Đại học Helsinki,ALUMNI_OF,
Andy Beshear,Đại học Virginia,ALUMNI_OF,
Anthony Eden,Eton College,ALUMNI_OF,
Anthony Albanese,Đại học Sydney,ALUMNI_OF,
Antonio Salandra,Đại học Napoli Federico II,ALUMNI_OF,
Antonis Samaras,Đại học Harvard,ALUMNI_OF,
Angela Merkel,Đại học Leipzig,ALUMNI_OF,
Antti Tulenheimo,Đại học Helsinki,ALUMNI_OF,
Antony Blinken,Đại học Harvard,ALUMNI_OF,
Antony Blinken,Đại học Columbia,ALUMNI_OF,
Antonin Scalia,Đại học Georgetown,ALUMNI_OF,
António Costa,Đại học Lisboa,ALUMNI_OF,
António Guterres,Đại học Lisboa,ALUMNI_OF,
Armand Fallières,Đại học Paris,ALUMNI_OF,
Ashraf Ghani,Đại học Columbia,ALUMNI_OF,
Ariel Sharon,Đại học Hebrew của Jerusalem,ALUMNI_OF,
"Arthur Wellesley, Công tước thứ 1 xứ Wellington",Eton College,ALUMNI_OF,
Ardem Patapoutian,"Đại học California, Los Angeles",ALUMNI_OF,
Ardem Patapoutian,Viện Công nghệ California,ALUMNI_OF,
Anthony Fauci,Đại học Cornell,ALUMNI_OF,
Aung San,Đại học Yangon,ALUMNI_OF,
Arthur C. Clarke,Đại học Nhà vua Luân Đôn,ALUMNI_OF,
Asō Tarō,Đại học Stanford,ALUMNI_OF,
Asō Tarō,Trường Kinh tế và Khoa học Chính trị London,ALUMNI_OF,
Asa Hutchinson,Đại học Arkansas,ALUMNI_OF,
Beau Biden,Đại học Pennsylvania,ALUMNI_OF,
Barney Frank,Đại học Harvard,ALUMNI_OF,
Ben Carson,Đại học Yale,ALUMNI_OF,
Ben Carson,Cử nhân Nghệ thuật,ALUMNI_OF,
Ben Carson,Đại học Michigan,ALUMNI_OF,
Bayanqolu,Đại học Cát Lâm,ALUMNI_OF,
"Benigno Aquino, Jr.",Đại học Philippines,ALUMNI_OF,
Ban Ki-moon,Đại học Harvard,ALUMNI_OF,
Bengt Holmström,Đại học Helsinki,ALUMNI_OF,
Bengt Holmström,Đại học Stanford,ALUMNI_OF,
Bashar al-Assad,Đại học Damascus,ALUMNI_OF,
Aung San Suu Kyi,Đại học Oxford,ALUMNI_OF,
Aung San Suu Kyi,Đại học London,ALUMNI_OF,
Benjamin Harrison,Đại học Miami,ALUMNI_OF,
Bill de Blasio,Đại học New York,ALUMNI_OF,
Bill de Blasio,Đại học Columbia,ALUMNI_OF,
Bhimrao Ambedkar,Đại học Columbia,ALUMNI_OF,
Bhimrao Ambedkar,Trường Kinh tế và Khoa học Chính trị Luân Đôn,ALUMNI_OF,
Bertil Ohlin,Đại học Lund,ALUMNI_OF,1917
Bertil Ohlin,Đại học Harvard,ALUMNI_OF,1917
Bertil Ohlin,Đại học Stockholm,ALUMNI_OF,1917
Bettino Craxi,Đại học Milan,ALUMNI_OF,
Bernie Sanders,University of Chicago,ALUMNI_OF,
Bob Woodward,Đại học Yale,ALUMNI_OF,1965
Bob Woodward,Cử nhân Nghệ thuật,ALUMNI_OF,1965
Bohuslav Sobotka,Đại học Masaryk,ALUMNI_OF,
Bill Clinton,Đại học Georgetown,ALUMNI_OF,
Bill Clinton,Trường Dịch vụ Đối ngoại,ALUMNI_OF,
Bill Clinton,Đại học Oxford,ALUMNI_OF,
Bill Clinton,Đại học Yale,ALUMNI_OF,
Bob Hawke,Đại học Tây Úc,ALUMNI_OF,
Bob Hawke,Đại học Oxford,ALUMNI_OF,
Bongbong Marcos,Đại học Oxford,ALUMNI_OF,
Bongbong Marcos,Đại học Pennsylvania,ALUMNI_OF,
Bob Taft,Đại học Yale,ALUMNI_OF,
Bob Taft,Đại học Princeton,ALUMNI_OF,
Boris Tadić,Đại học Beograd,ALUMNI_OF,
Borut Pahor,Đại học Ljubljana,ALUMNI_OF,
Boutros Boutros-Ghali,Đại học Cairo,ALUMNI_OF,
Boutros Boutros-Ghali,Đại học Pantheon-Sorbonne,ALUMNI_OF,
Brett Kavanaugh,Đại học Yale,ALUMNI_OF,
Brigitte Bierlein,Đại học Viên,ALUMNI_OF,
Bronisław Komorowski,Đại học Warszawa,ALUMNI_OF,
Benjamin Netanyahu,Đại học Harvard,ALUMNI_OF,
Bạc Hy Lai,Đại học Bắc Kinh,ALUMNI_OF,
Boris Johnson,Eton College,ALUMNI_OF,
Brett Giroir,Đại học Harvard,ALUMNI_OF,
Brian Kemp,Đại học Georgia,ALUMNI_OF,
Calvin Coolidge,Đại học Amherst,ALUMNI_OF,
Bùi Kim Giai,Trường Đảng Trung ương Đảng Cộng sản Trung Quốc,ALUMNI_OF,
Carl Bildt,Đại học Stockholm,ALUMNI_OF,
Chaim Herzog,Đại học London,ALUMNI_OF,
Carlos Prío Socarrás,Đại học Havana,ALUMNI_OF,
Carole Bouquet,Đại học Paris,ALUMNI_OF,
Barack Obama,Đại học Columbia,ALUMNI_OF,
Barack Obama,Cử nhân Nghệ thuật,ALUMNI_OF,
Barack Obama,Trường Luật Harvard,ALUMNI_OF,
Chandrika Kumaratunga,Sciences Po,ALUMNI_OF,
Charles Joseph Bonaparte,Đại học Harvard,ALUMNI_OF,
Charles Joseph Bonaparte,Cử nhân Nghệ thuật,ALUMNI_OF,
Charles Michel,Đại học Amsterdam,ALUMNI_OF,
Chavarat Charnvirakul,Đại học Thammasat,ALUMNI_OF,
Cho Kuk,Đại học Quốc gia Seoul,ALUMNI_OF,
Cho Kuk,"Đại học California, Berkeley",ALUMNI_OF,
Christian Stocker,Đại học Viên,ALUMNI_OF,
Choi Kyu-hah,Đại học Tsukuba,ALUMNI_OF,
Charles-Maurice de Talleyrand-Périgord,Đại học Paris,ALUMNI_OF,
Christian Kern,Đại học Wien,ALUMNI_OF,
Charles de Gaulle,École spéciale militaire de Saint-Cyr,ALUMNI_OF,
Christopher A. Pissarides,Trường Kinh tế và Khoa học Chính trị Luân Đôn,ALUMNI_OF,
Charlie Baker,Đại học Harvard,ALUMNI_OF,
Christopher A. Sims,Đại học Harvard,ALUMNI_OF,
Christopher A. Sims,Đại học California tại Berkeley,ALUMNI_OF,
Christopher Stevens (đại sứ),Đại học California tại Berkeley,ALUMNI_OF,
Christopher Stevens (đại sứ),Đại học California,ALUMNI_OF,
Chu Tiểu Xuyên,Đại học Thanh Hoa,ALUMNI_OF,
Che Guevara,Đại học Buenos Aires,ALUMNI_OF,
Chuck Hagel,Đại học Nebraska tại Omaha,ALUMNI_OF,
Chu Dung Cơ,Đại học Thanh Hoa,ALUMNI_OF,
Chris Sununu,Viện Công nghệ Massachusetts,ALUMNI_OF,
Chuan Leekpai,Đại học Thammasat,ALUMNI_OF,
Claudia Sheinbaum,Đại học Tự chủ Quốc gia Mexico,ALUMNI_OF,
Colin Powell,Đại học George Washington,ALUMNI_OF,
Cory Booker,Đại học Stanford,ALUMNI_OF,
Cory Booker,Đại học Yale,ALUMNI_OF,
D. H. Lawrence,Đại học Nottingham,ALUMNI_OF,
Dag Hammarskjöld,Đại học Uppsala,ALUMNI_OF,
Dag Hammarskjöld,Đại học Stockholm,ALUMNI_OF,
Clive Granger,Đại học Nottingham,ALUMNI_OF,
Daron Acemoğlu,Trường Kinh tế và Khoa học Chính trị Luân Đôn,ALUMNI_OF,
Condoleezza Rice,Đại học Notre Dame,ALUMNI_OF,
David Halberstam,Đại học Harvard,ALUMNI_OF,
Daniel McKee,Đại học Harvard,ALUMNI_OF,
David Cameron,Đại học Oxford,ALUMNI_OF,
Dean Heller,University of Southern California,ALUMNI_OF,
David Lloyd Johnston,Đại học Harvard,ALUMNI_OF,
Dean Acheson,Đại học Yale,ALUMNI_OF,
Dean Acheson,Cử nhân Nghệ thuật,ALUMNI_OF,
Dean Acheson,Đại học Harvard,ALUMNI_OF,
Dean Rusk,Đại học Oxford,ALUMNI_OF,
David Card,Đại học Princeton,ALUMNI_OF,
David Petraeus,United States Military Academy,ALUMNI_OF,
Dick Cheney,Đại học Yale,ALUMNI_OF,
Dick Cheney,Đại học Wyoming,ALUMNI_OF,
Diosdado Macapagal,Đại học Philippines,ALUMNI_OF,
Dominique Strauss-Kahn,Sciences Po,ALUMNI_OF,
Dominique Strauss-Kahn,Đại học Paris Nanterre,ALUMNI_OF,
Donald Rumsfeld,Đại học Princeton,ALUMNI_OF,
Donald Rumsfeld,Cử nhân Nghệ thuật,ALUMNI_OF,
Donald Rumsfeld,Đại học Georgetown,ALUMNI_OF,
Dominique de Villepin,École nationale d'administration,ALUMNI_OF,
Diệp Kiếm Anh,Trường quân sự Hoàng Phố,ALUMNI_OF,
Donald Tusk,Đại học Gdańsk,ALUMNI_OF,
Doug Burgum,Đại học Stanford,ALUMNI_OF,
Douglass North,"Đại học California, Berkeley",ALUMNI_OF,
Dr. Seuss,Đại học Dartmouth,ALUMNI_OF,
Droupadi Murmu,Cử nhân Nghệ thuật,ALUMNI_OF,
Dương Chấn Vũ,Trường Đảng Trung ương Đảng Cộng sản Trung Quốc,ALUMNI_OF,
Doug Emhoff,Cử nhân Nghệ thuật,ALUMNI_OF,
Doug Emhoff,Đại học Nam California,ALUMNI_OF,
Dmitry Anatolyevich Medvedev,Đại học Tổng hợp Sankt-Peterburg,ALUMNI_OF,
Dwight D. Eisenhower,Học viện Quân sự Hoa Kỳ,ALUMNI_OF,
Dương Văn Minh,Trường Trung học phổ thông Nguyễn Đình Chiểu (Tiền Giang),ALUMNI_OF,
Earl Warren,"Đại học California, Berkeley",ALUMNI_OF,
Dịch Hội Mãn,Đại học Chiết Giang,ALUMNI_OF,
Dịch Hội Mãn,Đại học Bắc Kinh,ALUMNI_OF,
Dịch Hội Mãn,Đại học Nam Kinh,ALUMNI_OF,
Edwin Linkomies,Đại học Helsinki,ALUMNI_OF,
Edgars Rinkēvičs,Đại học Latvia,ALUMNI_OF,
Edgars Rinkēvičs,Đại học Groningen,ALUMNI_OF,
Edmund Barton,Đại học Sydney,ALUMNI_OF,
Earle Page,Đại học Sydney,ALUMNI_OF,
Edvard Beneš,Đại học Paris,ALUMNI_OF,
Ed Rendell,Đại học Pennsylvania,ALUMNI_OF,
Doãn Lực,Viện Hàn lâm Khoa học Liên Xô,ALUMNI_OF,
Doãn Lực,Trường Đảng Trung ương Đảng Cộng sản Trung Quốc,ALUMNI_OF,
Ehud Barak,Đại học Hebrew của Jerusalem,ALUMNI_OF,
Ehud Barak,Đại học Stanford,ALUMNI_OF,
Ellen Johnson Sirleaf,Đại học Wisconsin–Madison,ALUMNI_OF,
Elio Di Rupo,Đại học Leeds,ALUMNI_OF,
Elias Canetti,Đại học Viên,ALUMNI_OF,
Ehud Olmert,Đại học Hebrew của Jerusalem,ALUMNI_OF,
Elizabeth Warren,Đại học George Washington,ALUMNI_OF,
Emmerson Mnangagwa,Đại học Luân Đôn,ALUMNI_OF,
Emmerson Mnangagwa,Đại học Zambia,ALUMNI_OF,
Enrico Letta,Đại học Pisa,ALUMNI_OF,
Ernesto Zedillo,Đại học Yale,ALUMNI_OF,
Eric Holcomb,Cử nhân Nghệ thuật,ALUMNI_OF,
Eugenia Charles,Đại học Toronto,ALUMNI_OF,
Eugenia Charles,Trường Kinh tế và Khoa học Chính trị London,ALUMNI_OF,
Ernst Kaltenbrunner,Đại học Graz,ALUMNI_OF,
Esther Duflo,École normale supérieure,ALUMNI_OF,
Esther Duflo,Viện Công nghệ Massachusetts,ALUMNI_OF,
Evika Siliņa,Đại học Latvia,ALUMNI_OF,
Fakhruddin Ali Ahmed,Đại học Cambridge,ALUMNI_OF,
Emmanuel Macron,Đại học Paris Nanterre,ALUMNI_OF,
Emmanuel Macron,Sciences Po,ALUMNI_OF,
Emmanuel Macron,École nationale d'administration,ALUMNI_OF,
Faure Gnassingbé,Đại học George Washington,ALUMNI_OF,
Ferdinand Marcos,Đại học Philippines,ALUMNI_OF,
Finn E. Kydland,Đại học Carnegie Mellon,ALUMNI_OF,
Francesco Crispi,Đại học Palermo,ALUMNI_OF,
Francisco I. Madero,"Đại học California, Berkeley",ALUMNI_OF,
Fidel Ramos,Học viện Quân sự Hoa Kỳ,ALUMNI_OF,
F. Scott Fitzgerald,Đại học Princeton,ALUMNI_OF,
Franjo Tuđman,Đại học Zagreb,ALUMNI_OF,
Franco Modigliani,The New School,ALUMNI_OF,
François Arago,École Polytechnique,ALUMNI_OF,
Fidel Castro,Đại học La Habana,ALUMNI_OF,
François Hollande,Đại học Panthéon-Assas,ALUMNI_OF,
François Hollande,Sciences Po,ALUMNI_OF,
François Hollande,École nationale d'administration,ALUMNI_OF,
Franklin D. Roosevelt,Đại học Harvard,ALUMNI_OF,
Franklin D. Roosevelt,Cử nhân Nghệ thuật,ALUMNI_OF,
Fredrik Reinfeldt,Đại học Stockholm,ALUMNI_OF,
Friedrich Hayek,Đại học Viên,ALUMNI_OF,1921
Frederik X của Đan Mạch,Đại học Aarhus,ALUMNI_OF,
Frederik X của Đan Mạch,Đại học Harvard,ALUMNI_OF,
Donald Trump,Đại học Pennsylvania,ALUMNI_OF,
François Mitterrand,Đại học Paris,ALUMNI_OF,
François Mitterrand,Sciences Po,ALUMNI_OF,
Furukawa Shuntaro,Đại học Waseda,ALUMNI_OF,
Friedrich Merz,Đại học Bonn,ALUMNI_OF,
Friedrich Merz,Đại học Marburg,ALUMNI_OF,
Fukuda Yasuo,Đại học Waseda,ALUMNI_OF,
Gaston Doumergue,Đại học Paris,ALUMNI_OF,
Fukuda Takeo,Đại học Tokyo,ALUMNI_OF,
George Canning,Eton College,ALUMNI_OF,
George Akerlof,Viện Công nghệ Massachusetts,ALUMNI_OF,
George Akerlof,Đại học Yale,ALUMNI_OF,
Gabriel Attal,Đại học Panthéon-Assas,ALUMNI_OF,
Gabriel Attal,Sciences Po,ALUMNI_OF,
George Grenville,Eton College,ALUMNI_OF,
George Osborne,Đại học Oxford,ALUMNI_OF,
George Tenet,Georgetown University,ALUMNI_OF,
George H. W. Bush,Đại học Yale,ALUMNI_OF,
George Stigler,Đại học Chicago,ALUMNI_OF,
George Stigler,Đại học Washington,ALUMNI_OF,
Georgy Maksimilianovich Malenkov,Đại học Kỹ thuật Quốc gia Moskva Bauman,ALUMNI_OF,
Gary Becker,Đại học Princeton,ALUMNI_OF,
Gary Becker,Đại học Chicago,ALUMNI_OF,
Georges Pompidou,Sciences Po,ALUMNI_OF,
George W. Bush,Đại học Yale,ALUMNI_OF,
George W. Bush,Đại học Harvard,ALUMNI_OF,
Gina Raimondo,Đại học Yale,ALUMNI_OF,
Giorgio Napolitano,Đại học Napoli Federico II,ALUMNI_OF,
Giovanni Spadolini,Đại học Firenze,ALUMNI_OF,
Giuliano Amato,Đại học Pisa,ALUMNI_OF,
Giulio Andreotti,Đại học Roma La Sapienza,ALUMNI_OF,
Gerald Ford,Đại học Michigan,ALUMNI_OF,
Gerald Ford,Đại học Yale,ALUMNI_OF,
Giả Xuân Vượng,Đại học Thanh Hoa,ALUMNI_OF,
Giuseppe Conte,Đại học Roma Sapienza,ALUMNI_OF,
Gough Whitlam,Đại học Sydney,ALUMNI_OF,
Gloria Macapagal Arroyo,Đại học Georgetown,ALUMNI_OF,
Glenn Greenwald,Đại học George Washington,ALUMNI_OF,
Glenn Greenwald,Đại học New York,ALUMNI_OF,
Gotō Fumio,Đại học Tokyo,ALUMNI_OF,
Grzegorz Schetyna,Đại học Wrocław,ALUMNI_OF,
Gro Harlem Brundtland,Đại học Oslo,ALUMNI_OF,
Gro Harlem Brundtland,Đại học Harvard,ALUMNI_OF,
Guido Westerwelle,Đại học Bonn,ALUMNI_OF,
Gérard Debreu,"Đại học California, Berkeley",ALUMNI_OF,
Greg Abbott,Đại học Texas tại Austin,ALUMNI_OF,
Gustav Mahler,Đại học Viên,ALUMNI_OF,
Gretchen Whitmer,Cử nhân Nghệ thuật,ALUMNI_OF,
Habib Bourguiba,Đại học Paris,ALUMNI_OF,
Halimah Yacob,Đại học Quốc gia Singapore,ALUMNI_OF,
Hara Takashi,Đại học Tokyo,ALUMNI_OF,
Harold Alexander,Trường Harrow,ALUMNI_OF,
Harold Holt,Đại học Melbourne,ALUMNI_OF,
Han Duck-soo,Đại học Harvard,ALUMNI_OF,
Han Duck-soo,Đại học Quốc gia Seoul,ALUMNI_OF,
Giáo hoàng Lêô XIV,Đại học Villanova,ALUMNI_OF,
Harri Holkeri,Đại học Helsinki,ALUMNI_OF,
Harry Markowitz,Đại học Chicago,ALUMNI_OF,
Harry R. Lewis,Đại học Harvard,ALUMNI_OF,
Hayashi Yoshimasa,Đại học Tokyo,ALUMNI_OF,
Hatoyama Yukio,Đại học Tokyo,ALUMNI_OF,
Hatoyama Yukio,Đại học Stanford,ALUMNI_OF,
Hatoyama Yukio,Đại học Hồng Kông,ALUMNI_OF,
Harry Reid,Đại học George Washington,ALUMNI_OF,
Helle Thorning-Schmidt,Đại học Copenhagen,ALUMNI_OF,
Henri Bergson,École normale supérieure,ALUMNI_OF,
Henri Bergson,Đại học Paris,ALUMNI_OF,
"Henry John Temple, Tử tước Palmerston thứ 3",Đại học Edinburgh,ALUMNI_OF,
"Henry John Temple, Tử tước Palmerston thứ 3",Đại học Cambridge,ALUMNI_OF,
Henry Cabot Lodge Jr.,Đại học Harvard,ALUMNI_OF,
Helmut Schmidt,Đại học Hamburg,ALUMNI_OF,
Henry L. Stimson,Đại học Yale,ALUMNI_OF,
Henry L. Stimson,Cử nhân Nghệ thuật,ALUMNI_OF,
Henry L. Stimson,Đại học Harvard,ALUMNI_OF,
Henry McMaster,Đại học South Carolina,ALUMNI_OF,
Herbert Hoover,Đại học Stanford,ALUMNI_OF,
Helmut Kohl,Đại học Heidelberg,ALUMNI_OF,
Henry V của Anh,Đại học Oxford,ALUMNI_OF,
Henry Kissinger,Đại học Harvard,ALUMNI_OF,
Henry Kissinger,Cử nhân Nghệ thuật,ALUMNI_OF,
Hiranuma Kiichirō,Đại học Tokyo,ALUMNI_OF,
Horst Köhler,Đại học Tübingen,ALUMNI_OF,
Howard Dean,Đại học Yale,ALUMNI_OF,
Hope Hicks,Cử nhân Nghệ thuật,ALUMNI_OF,
Hoàng Cúc,Đại học Thanh Hoa,ALUMNI_OF,
Hosni Mubarak,Học viện Quân sự Frunze,ALUMNI_OF,
Htin Kyaw,Đại học London,ALUMNI_OF,
Hubert Humphrey,Đại học Minnesota,ALUMNI_OF,
Hoài Tiến Bằng,Đại học Công nghiệp Cáp Nhĩ Tân,ALUMNI_OF,
Hillary Clinton,Đại học Yale,ALUMNI_OF,
Hoàng Tuần Tài,Đại học Harvard,ALUMNI_OF,
Hwang Kyo-ahn,Đại học Sungkyunkwan,ALUMNI_OF,
Hunter Biden,Đại học Georgetown,ALUMNI_OF,
Hunter Biden,Đại học Yale,ALUMNI_OF,
Hà Vệ Đông,Đại học Quốc phòng Trung Quốc,ALUMNI_OF,
Hà Vệ Đông,Trường Đảng Trung ương Đảng Cộng sản Trung Quốc,ALUMNI_OF,
Hạ Bảo Long,Đại học Bắc Kinh,ALUMNI_OF,
Hạ Quân Khoa,Trường Đại học Công nghệ Quốc phòng Trung Quốc,ALUMNI_OF,
Hàn Chính (chính khách),Đại học Sư phạm Hoa Đông,ALUMNI_OF,
Ian Brossat,École normale supérieure de Lyon,ALUMNI_OF,
Ilya Yefimovich Repin,Học viện Nghệ thuật Hoàng gia Nga,ALUMNI_OF,
Ikeda Hayato,Đại học Kyoto,ALUMNI_OF,
Ingvar Carlsson,Đại học Lund,ALUMNI_OF,
Hạ Vinh,Trường Đảng Trung ương Đảng Cộng sản Trung Quốc,ALUMNI_OF,
Inukai Tsuyoshi,Đại học Keio,ALUMNI_OF,
Isaac Asimov,Đại học Columbia,ALUMNI_OF,1948
Isaac Herzog,Đại học Cornell,ALUMNI_OF,
Isaac Herzog,Đại học New York,ALUMNI_OF,
Ishiba Yoshiko,Đại học Keio,ALUMNI_OF,
Itō Masayoshi,Đại học Tokyo,ALUMNI_OF,
Ishibashi Tanzan,Đại học Waseda,ALUMNI_OF,
Izumi Kenta,Đại học Ritsumeikan,ALUMNI_OF,
Ivo Andrić,Đại học Graz,ALUMNI_OF,
Ivo Andrić,Đại học Viên,ALUMNI_OF,
Iván Duque Márquez,Đại học Georgetown,ALUMNI_OF,
Ivanka Trump,Đại học Pennsylvania,ALUMNI_OF,
J. M. Barrie,Đại học Glasgow,ALUMNI_OF,
J. M. Barrie,Đại học Edinburgh,ALUMNI_OF,
Hồ Cẩm Đào,Đại học Thanh Hoa,ALUMNI_OF,
J. William Fulbright,Đại học Arkansas,ALUMNI_OF,
J. William Fulbright,Đại học Oxford,ALUMNI_OF,
J. William Fulbright,Đại học George Washington,ALUMNI_OF,
Ishiba Shigeru,Đại học Keio,ALUMNI_OF,
Jack Lew,Đại học Harvard,ALUMNI_OF,
Jacques Chaban-Delmas,Sciences Po,ALUMNI_OF,
Itō Hirobumi,Đại học London,ALUMNI_OF,
Jacek Rostowski,Đại học London,ALUMNI_OF,
Jacek Rostowski,Trường Kinh tế London,ALUMNI_OF,
JD Vance,Đại học Bang Ohio,ALUMNI_OF,
JD Vance,Đại học Yale,ALUMNI_OF,
Jacques-Louis David,Đại học Paris,ALUMNI_OF,
James Buchanan,Đại học Dickinson,ALUMNI_OF,
James Comey,University of Chicago,ALUMNI_OF,
James Heckman,Đại học Princeton,ALUMNI_OF,
James K. Polk,Đại học North Carolina ở Chapel Hill,ALUMNI_OF,
Jacques Chirac,École nationale d'administration,ALUMNI_OF,
James Mirrlees,Đại học Edinburgh,ALUMNI_OF,
James R. Schlesinger,Đại học Harvard,ALUMNI_OF,
James M. Buchanan,Đại học Chicago,ALUMNI_OF,
J. B. Pritzker,Đại học Duke,ALUMNI_OF,
James Monroe,Đại học William & Mary,ALUMNI_OF,
James Madison,Đại học Princeton,ALUMNI_OF,
James Madison,Cử nhân Nghệ thuật,ALUMNI_OF,
James Tobin,Đại học Harvard,ALUMNI_OF,
Jan Matejko,Học viện Mỹ thuật Jan Matejko,ALUMNI_OF,
Jan Matejko,Đại học Jagiellonia,ALUMNI_OF,
Janez Drnovšek,Đại học Ljubljana,ALUMNI_OF,
Hồ Chí Minh,Trường Đại học Lao động Cộng sản Phương Đông,ALUMNI_OF,
Janet Reno,Đại học Cornell,ALUMNI_OF,
Janet Reno,Đại học Harvard,ALUMNI_OF,
Jan Eliasson,Đại học Gothenburg,ALUMNI_OF,
Janet Yellen,Đại học Yale,ALUMNI_OF,
Janet Yellen,Đại học Brown,ALUMNI_OF,
J. K. Rowling,Đại học Exeter,ALUMNI_OF,
Jared Kushner,New York University,ALUMNI_OF,
Janez Janša,Đại học Ljubljana,ALUMNI_OF,
Jay Carney,Đại học Yale,ALUMNI_OF,
Jean Chrétien,Đại học Laval,ALUMNI_OF,
Jean Casimir-Perier,Đại học Paris,ALUMNI_OF,
Jared Polis,Đại học Princeton,ALUMNI_OF,
Javier Milei,Đại học Belgrano,ALUMNI_OF,
Javier Milei,Cử nhân Nghệ thuật,ALUMNI_OF,
Jay Inslee,Đại học Washington,ALUMNI_OF,
Jean Tirole,Viện Công nghệ Massachusetts,ALUMNI_OF,
Jean Tirole,École nationale des ponts et chaussées,ALUMNI_OF,
Jean Tirole,École Polytechnique,ALUMNI_OF,
Jean-Luc Godard,Đại học Paris,ALUMNI_OF,
Jarosław Kaczyński,Đại học Warsaw,ALUMNI_OF,
Jen Psaki,Đại học William & Mary,ALUMNI_OF,
Jeb Bush,Đại học Texas tại Austin,ALUMNI_OF,
Jean-Claude Juncker,Đại học Strasbourg,ALUMNI_OF,
Jens Stoltenberg,Đại học Oslo,ALUMNI_OF,
Jerry Brown,"University of California, Berkeley",ALUMNI_OF,
Jim Webb,University of Southern California,ALUMNI_OF,
Jim Webb,Georgetown University,ALUMNI_OF,
Jim McGreevey,Đại học Công giáo Hoa Kỳ,ALUMNI_OF,
Jim McGreevey,Đại học Columbia,ALUMNI_OF,
Jim McGreevey,Đại học Georgetown,ALUMNI_OF,
Jim McGreevey,Đại học Harvard,ALUMNI_OF,
Jill Stein,Đại học Harvard,ALUMNI_OF,
Johan Wilhelm Rangell,Đại học Helsinki,ALUMNI_OF,
Jill Biden,Đại học Delaware,ALUMNI_OF,
Jill Biden,Cử nhân Nghệ thuật,ALUMNI_OF,
Jill Biden,Đại học Villanova,ALUMNI_OF,
John Atta Mills,Trường Kinh tế và Khoa học Chính trị Luân Đôn,ALUMNI_OF,
John Abbott,Đại học McGill,ALUMNI_OF,
Johannes Vilhelm Jensen,Đại học Copenhagen,ALUMNI_OF,
Jim Justice,Cử nhân Nghệ thuật,ALUMNI_OF,
John C. Breckinridge,Đại học Princeton,ALUMNI_OF,
John Bel Edwards,Học viện Quân sự Hoa Kỳ,ALUMNI_OF,
John C. Calhoun,Đại học Yale,ALUMNI_OF,
John Adams,Đại học Harvard,ALUMNI_OF,
Jerome Adams,"Đại học California, Berkeley",ALUMNI_OF,
John Foster Dulles,Đại học Princeton,ALUMNI_OF,
John Foster Dulles,Đại học George Washington,ALUMNI_OF,
John Howard,Đại học Sydney,ALUMNI_OF,
Jimmy Carter,Học viện Công nghệ Georgia,ALUMNI_OF,
Jimmy Carter,Học viện Hải quân Hoa Kỳ,ALUMNI_OF,
John F. Kennedy,Đại học Harvard,ALUMNI_OF,
John Jay,Đại học Columbia,ALUMNI_OF,
John Kasich,Đại học Tiểu bang Ohio,ALUMNI_OF,
John Hancock,Đại học Harvard,ALUMNI_OF,
John Carney,Cử nhân Nghệ thuật,ALUMNI_OF,
John Carney,Đại học Dartmouth,ALUMNI_OF,
John Carney,Đại học Delaware,ALUMNI_OF,
John Lipsky,Đại học Wesleyan,ALUMNI_OF,
John Lipsky,Đại học Stanford,ALUMNI_OF,
John Kenneth Galbraith,"Đại học California, Berkeley",ALUMNI_OF,
John Kenneth Galbraith,Đại học Toronto,ALUMNI_OF,
John Roberts,Đại học Harvard,ALUMNI_OF,
John Quincy Adams,Đại học Harvard,ALUMNI_OF,
John O. Brennan,Đại học Texas tại Austin,ALUMNI_OF,
John R. Bolton,Đại học Yale,ALUMNI_OF,
Joe Biden,Đại học Delaware,ALUMNI_OF,
Joe Biden,Cử nhân Nghệ thuật,ALUMNI_OF,
John Turner,Đại học Paris,ALUMNI_OF,
John Tyler,Đại học William & Mary,ALUMNI_OF,
John Wilkins,Đại học Oxford,ALUMNI_OF,
Joko Widodo,Đại học Gadjah Mada,ALUMNI_OF,
Jon Ossoff,Đại học Georgetown,ALUMNI_OF,
Jon Ossoff,Trường Kinh tế Luân Đôn,ALUMNI_OF,
Jonathan Dayton,Đại học Princeton,ALUMNI_OF,
Joseph Boakai,Đại học Tiểu bang Kansas,ALUMNI_OF,
Joshua Angrist,Đại học Princeton,ALUMNI_OF,
Josef Mengele,Đại học Bonn,ALUMNI_OF,
Josef Mengele,Đại học Ludwig Maximilian München,ALUMNI_OF,
Josef Mengele,Đại học Goethe Frankfurt,ALUMNI_OF,
José Manuel Barroso,Đại học Geneva,ALUMNI_OF,
Joseph Goebbels,Đại học Bonn,ALUMNI_OF,
Joseph Goebbels,Đại học Freiburg,ALUMNI_OF,
Joseph Goebbels,Đại học Heidelberg,ALUMNI_OF,
Julie Payette,Đại học McGill,ALUMNI_OF,
Julie Payette,Đại học Toronto,ALUMNI_OF,
John McCain,Học viện Hải quân Hoa Kỳ,ALUMNI_OF,
Juho Kusti Paasikivi,Đại học Helsinki,ALUMNI_OF,
Juan Manuel Santos,Đại học Kansas,ALUMNI_OF,
Juan Manuel Santos,Trường Kinh tế và Khoa học Chính trị Luân Đôn,ALUMNI_OF,
Juan Manuel Santos,Đại học Harvard,ALUMNI_OF,
K. R. Narayanan,Trường Kinh tế Luân Đôn,ALUMNI_OF,
Julia Gillard,Đại học Adelaide,ALUMNI_OF,
Julia Gillard,Đại học Melbourne,ALUMNI_OF,
Kaja Kallas,Đại học Tartu,ALUMNI_OF,
Kaja Kallas,Cử nhân Nghệ thuật,ALUMNI_OF,
Juha Sipilä,Đại học Oulu,ALUMNI_OF,
Karolos Papoulias,Đại học Milano,ALUMNI_OF,
Katayama Tetsu,Đại học Tokyo,ALUMNI_OF,
Karl Böhm,Đại học Graz,ALUMNI_OF,
Kaifu Toshiki,Đại học Waseda,ALUMNI_OF,
Karel Čapek,Đại học Charles ở Praha,ALUMNI_OF,
Keijo Liinamaa,Đại học Helsinki,ALUMNI_OF,
Katō Takaaki,Đại học Tokyo,ALUMNI_OF,
Kazuo Ishiguro,Cử nhân Nghệ thuật,ALUMNI_OF,
Katō Tomosaburō,Học viện Hải quân Đế quốc Nhật Bản,ALUMNI_OF,
Kay Ivey,Cử nhân Nghệ thuật,ALUMNI_OF,
Kim Campbell,Trường Kinh tế và Khoa học Chính trị Luân Đôn,ALUMNI_OF,
Katō Katsunobu,Đại học Tokyo,ALUMNI_OF,
Keir Starmer,Đại học Leeds,ALUMNI_OF,
Keir Starmer,Đại học Oxford,ALUMNI_OF,
Kevin Rudd,Đại học Quốc gia Úc,ALUMNI_OF,
Kenneth Arrow,Đại học Columbia,ALUMNI_OF,
Kim Myeong-soo,Đại học Quốc gia Seoul,ALUMNI_OF,
Kim Young-sam,Đại học Quốc gia Seoul,ALUMNI_OF,
Kishi Nobusuke,Đại học Tokyo,ALUMNI_OF,
Kamala Harris,Đại học Howard,ALUMNI_OF,
Kamala Harris,Cử nhân Nghệ thuật,ALUMNI_OF,
Kamala Harris,Trường Luật Hastings,ALUMNI_OF,
Koizumi Shinjirō,Đại học Columbia,ALUMNI_OF,
Kim Tráng Long,Đại học Phục Đán,ALUMNI_OF,
Kim Tráng Long,Trường Đảng Trung ương Đảng Cộng sản Trung Quốc,ALUMNI_OF,
Klemens von Metternich,Đại học Strasbourg,ALUMNI_OF,
Konrad Adenauer,Đại học Freiburg,ALUMNI_OF,
Konrad Adenauer,Đại học Ludwig Maximilian München,ALUMNI_OF,
Konrad Adenauer,Đại học Bonn,ALUMNI_OF,
Konstantinos Karamanlis,Đại học Athens,ALUMNI_OF,
Koizumi Junichirō,Đại học Keio,ALUMNI_OF,
Koizumi Junichirō,Đại học London,ALUMNI_OF,
Kishida Fumio,Đại học Waseda,ALUMNI_OF,
Kim Jong-un,Đại học Tổng hợp Kim Nhật Thành,ALUMNI_OF,
Kim Jong-un,Đại học Quân sự Kim Nhật Thành,ALUMNI_OF,
Kōno Yōhei,Đại học Waseda,ALUMNI_OF,
Kurt Vonnegut,Đại học Cornell,ALUMNI_OF,
Kurt Vonnegut,Đại học Carnegie Mellon,ALUMNI_OF,
Kurt Vonnegut,Đại học Chicago,ALUMNI_OF,
Lamberto Dini,Đại học Minnesota,ALUMNI_OF,
Lamberto Dini,Đại học Michigan,ALUMNI_OF,
Lars Løkke Rasmussen,Đại học Copenhagen,ALUMNI_OF,
Laura Chinchilla,Đại học Georgetown,ALUMNI_OF,
Kyriakos Mitsotakis,Đại học Harvard,ALUMNI_OF,
Laimdota Straujuma,Đại học Latvia,ALUMNI_OF,
Larry Hogan,Đại học Bang Florida,ALUMNI_OF,
Lam Phật An,Trường Đảng Trung ương Đảng Cộng sản Trung Quốc,ALUMNI_OF,
Laurent Fabius,Sciences Po,ALUMNI_OF,
Laurent Fabius,Trường Hành chính quốc gia (Pháp),ALUMNI_OF,
Lawrence Klein,"Đại học California, Berkeley",ALUMNI_OF,
Lech Kaczyński,Đại học Warszawa,ALUMNI_OF,
Lech Kaczyński,Đại học Gdańsk,ALUMNI_OF,
Lee Sang-min (chính khách),Đại học Quốc gia Seoul,ALUMNI_OF,
Lee Sang-min (chính khách),Đại học Cao Ly,ALUMNI_OF,
Lee Hae-chan,Đại học Quốc gia Seoul,ALUMNI_OF,
Leonard Bernstein,Đại học Harvard,ALUMNI_OF,
Leonard Bernstein,Học viện âm nhạc Curtis,ALUMNI_OF,
Lee Jae-myung,Đại học Chung-Ang,ALUMNI_OF,
Lewis Carroll,Đại học Oxford,ALUMNI_OF,
Lucy Webb Hayes,Đại học Wesley (Ohio),ALUMNI_OF,
Laura Bush,Đại học Texas tại Austin,ALUMNI_OF,
Lloyd Austin,Học viện Quân sự Hoa Kỳ,ALUMNI_OF,
Lluís Domènech i Montaner,Đại học Barcelona,ALUMNI_OF,
Lee Myung-bak,Đại học Hàn Quốc,ALUMNI_OF,
Lev Davidovich Trotsky,Đại học Odessa,ALUMNI_OF,
Luigi Luzzatti,Đại học Padua,ALUMNI_OF,
Lyudmila Aleksandrovna Putina,Đại học Tổng hợp Sankt-Peterburg,ALUMNI_OF,
Luigi Pirandello,Đại học Bonn,ALUMNI_OF,
Lâu Cần Kiệm,Đại học Khoa học và Kỹ thuật Hoa Trung,ALUMNI_OF,
Lý Cán Kiệt,Đại học Thanh Hoa,ALUMNI_OF,
Lý Cường,Đại học Chiết Giang,ALUMNI_OF,
Lý Cường,Đại học Bách khoa Hồng Kông,ALUMNI_OF,
Lý Cường,Trường Đảng Trung ương Đảng Cộng sản Trung Quốc,ALUMNI_OF,
Lý Quốc Anh,Trường Đảng Trung ương Đảng Cộng sản Trung Quốc,ALUMNI_OF,
Lý Nguyên Triều,Đại học Sư phạm Hoa Đông,ALUMNI_OF,
Lý Nguyên Triều,Đại học Phục Đán,ALUMNI_OF,
Lý Nguyên Triều,Đại học Bắc Kinh,ALUMNI_OF,
Lý Nguyên Triều,Trường Đảng Trung ương Đảng Cộng sản Trung Quốc,ALUMNI_OF,
Lý Thư Lỗi,Đại học Bắc Kinh,ALUMNI_OF,
Lý Thư Lỗi,Trường Đảng Trung ương Đảng Cộng sản Trung Quốc,ALUMNI_OF,
Lý Hi,Đại học Thanh Hoa,ALUMNI_OF,
Lý Đăng Huy,Đại học quốc lập Đài Loan,ALUMNI_OF,
Lý Đăng Huy,Đại học Cornell,ALUMNI_OF,
Lưu Kết Nhất,Trường sau đại học,ALUMNI_OF,
Lý Hiển Long,Đại học Harvard,ALUMNI_OF,
Lạc Thụ Cương,Đại học Nhân dân Trung Quốc,ALUMNI_OF,
Lạc Thụ Cương,Trường Đảng Trung ương Đảng Cộng sản Trung Quốc,ALUMNI_OF,
Lý Hồng Trung,Đại học Cát Lâm,ALUMNI_OF,
Lưu Kỳ (sinh năm 1957),Đại học Chiết Giang,ALUMNI_OF,
Lưu Kỳ (sinh năm 1957),Đại học Giao thông Tây An,ALUMNI_OF,
Lý Thừa Vãn,Đại học Washington,ALUMNI_OF,
Lý Thừa Vãn,Đại học Harvard,ALUMNI_OF,
Lý Thừa Vãn,Đại học Princeton,ALUMNI_OF,
Lưu Kim Quốc,Trường Đảng Trung ương Đảng Cộng sản Trung Quốc,ALUMNI_OF,
Lý Khắc Cường,Đại học Bắc Kinh,ALUMNI_OF,
Lục Trị Nguyên,Đại học Giao thông Tây An,ALUMNI_OF,
Maehara Seiji,Đại học Kyoto,ALUMNI_OF,
Machimura Nobutaka,Đại học Tokyo,ALUMNI_OF,
Machimura Nobutaka,Đại học Wesleyan,ALUMNI_OF,
Mahmoud Abbas,Đại học Damascus,ALUMNI_OF,
Magdalena Andersson,Trường Kinh tế Stockholm,ALUMNI_OF,
Lưu Quốc Trung,Đại học Công nghiệp Cáp Nhĩ Tân,ALUMNI_OF,
Mahathir Mohamad,Đại học Quốc gia Singapore,ALUMNI_OF,
Lộc Tâm Xã,Đại học Vũ Hán,ALUMNI_OF,
Lại Thanh Đức,Đại học quốc lập Đài Loan,ALUMNI_OF,
Lại Thanh Đức,Đại học Quốc lập Thành Công,ALUMNI_OF,
Lại Thanh Đức,Đại học Harvard,ALUMNI_OF,
Lật Chiến Thư,Đại học Công nghiệp Cáp Nhĩ Tân,ALUMNI_OF,
Malcolm Turnbull,Đại học Sydney,ALUMNI_OF,
Lương Cường,Trường Sĩ quan Chính trị,ALUMNI_OF,
Lương Cường,Học viện Chính trị Quốc gia Hồ Chí Minh,ALUMNI_OF,
Margrethe Vestager,Đại học Copenhagen,ALUMNI_OF,
Mari Kiviniemi,Đại học Helsinki,ALUMNI_OF,
Manuel Valls,Trường Đại học Paris I,ALUMNI_OF,
Marin Alsop,Trường Juilliard,ALUMNI_OF,
Marin Alsop,Đại học Yale,ALUMNI_OF,
Marine Le Pen,Đại học,ALUMNI_OF,
Marine Le Pen,Trường Đại học Paris II,ALUMNI_OF,
Mario Monti,Đại học Bocconi,ALUMNI_OF,
Margaret Thatcher,Somerville College,ALUMNI_OF,
Margaret Thatcher,Đại học Oxford,ALUMNI_OF,
Mark Gordon (chính trị gia),Đại học Middlebury,ALUMNI_OF,
Maria Ressa,Đại học Princeton,ALUMNI_OF,
Mark Rutte,Đại học Leiden,ALUMNI_OF,
Martti Ahtisaari,Đại học Oulu,ALUMNI_OF,
Matti Vanhanen,Đại học Helsinki,ALUMNI_OF,
Mateusz Morawiecki,Đại học Wrocław,ALUMNI_OF,
Mateusz Morawiecki,Đại học Hamburg,ALUMNI_OF,
Mateusz Morawiecki,Đại học Basel,ALUMNI_OF,
Max Bruch,Đại học Bonn,ALUMNI_OF,
Małgorzata Kidawa-Błońska,Đại học Warsaw,ALUMNI_OF,
Maurice Allais,École Polytechnique,ALUMNI_OF,
Megawati Sukarnoputri,Đại học Indonesia,ALUMNI_OF,
Michael Bloomberg,Đại học Johns Hopkins,ALUMNI_OF,
Michael Bloomberg,Đại học,ALUMNI_OF,
Michael Bloomberg,Đại học Harvard,ALUMNI_OF,
Menachem Begin,Đại học Warsaw,ALUMNI_OF,
Merton Miller,Đại học Johns Hopkins,ALUMNI_OF,
Merton Miller,Đại học Harvard,ALUMNI_OF,
Michael Spence,Đại học Harvard,ALUMNI_OF,
Michael Spence,Đại học Oxford,ALUMNI_OF,
Michael Spence,Đại học Princeton,ALUMNI_OF,
Michel Debré,Sciences Po,ALUMNI_OF,
Michel Debré,Đại học Paris,ALUMNI_OF,
Michael Froman,Đại học Princeton,ALUMNI_OF,
Michael Froman,Đại học Harvard,ALUMNI_OF,
Michel Rocard,Sciences Po,ALUMNI_OF,
Michel Rocard,École nationale d'administration,ALUMNI_OF,
Miguel de la Madrid,Đại học Harvard,ALUMNI_OF,
Miguel Ángel Asturias,Đại học Paris,ALUMNI_OF,
Mike Beebe,Đại học Arkansas,ALUMNI_OF,
Mikhail Andreyevich Suslov,Đại học Kinh tế Quốc dân Plekhanov,ALUMNI_OF,
Mike Pompeo,Học viện Quân sự Hoa Kỳ,ALUMNI_OF,
Mike Pompeo,Đại học Harvard,ALUMNI_OF,
Michelle Obama,Đại học Princeton,ALUMNI_OF,
Michelle Obama,Đại học Harvard,ALUMNI_OF,
Miroslav Lajčák,Đại học Comenius,ALUMNI_OF,
Miyazawa Kiichi,Đại học Tokyo,ALUMNI_OF,
Miki Takeo,Đại học Nam California,ALUMNI_OF,
Mohamed Morsi,Đại học Cairo,ALUMNI_OF,
Mohamed Morsi,Đại học Nam California,ALUMNI_OF,
Min Aung Hlaing,Đại học Yangon,ALUMNI_OF,
Mitt Romney,Đại học Harvard,ALUMNI_OF,
Mohamed ElBaradei,Đại học Cairo,ALUMNI_OF,
Mohamed ElBaradei,Đại học New York,ALUMNI_OF,
Michelle Lujan Grisham,Cử nhân Nghệ thuật,ALUMNI_OF,
Mohammed Shia' Al Sudani,Đại học Bagdad,ALUMNI_OF,
Milton Friedman,Đại học Columbia,ALUMNI_OF,1946
Milton Friedman,Đại học Chicago,ALUMNI_OF,1946
Mori Yoshirō,Đại học Waseda,ALUMNI_OF,
Moshe Sharett,Đại học Istanbul,ALUMNI_OF,
Moshe Sharett,Trường Kinh tế Luân Đôn,ALUMNI_OF,
Mostafa Madbouly,Đại học Cairo,ALUMNI_OF,
Mikhail Sergeyevich Gorbachyov,Đại học Quốc gia Moskva,ALUMNI_OF,
Myron Scholes,Đại học Chicago,ALUMNI_OF,
Myron Scholes,Đại học McMaster,ALUMNI_OF,
Muhammad Yunus,Cử nhân Nghệ thuật,ALUMNI_OF,
Mike DeWine,Đại học Miami,ALUMNI_OF,
Moon Jae-in,Đại học Kyung Hee,ALUMNI_OF,
Nakatani Gen,Học viện Phòng vệ Nhật Bản,ALUMNI_OF,
Neil Gorsuch,Đại học Columbia,ALUMNI_OF,
Neil Gorsuch,Đại học Harvard,ALUMNI_OF,
Neil Gorsuch,Đại học Oxford,ALUMNI_OF,
Nguyễn Hữu Có,Trường Trung học phổ thông chuyên Quốc Học – Huế,ALUMNI_OF,
Nghê Nhạc Phong,Đại học Thanh Hoa,ALUMNI_OF,
Nghê Hồng,Đại học Công nghiệp Cáp Nhĩ Tân,ALUMNI_OF,
Ngô Bang Quốc,Đại học Thanh Hoa,ALUMNI_OF,
Nguyễn Phú Trọng,Đại học Tổng hợp Hà Nội,ALUMNI_OF,1963
Nguyễn Phú Trọng,Học viện Chính trị Quốc gia Hồ Chí Minh,ALUMNI_OF,1963
Nguyễn Phú Trọng,Viện Hàn lâm Khoa học xã hội thuộc Trung ương Đảng Cộng sản Liên Xô,ALUMNI_OF,1963
Ned Lamont,Đại học Harvard,ALUMNI_OF,
Ned Lamont,Đại học Yale,ALUMNI_OF,
Nelson Rockefeller,Đại học Dartmouth,ALUMNI_OF,
Nguyễn Minh Triết,Trường Đại học Khoa học Sài Gòn,ALUMNI_OF,
Nguyễn Minh Triết,Học viện Chính trị Quốc gia Hồ Chí Minh,ALUMNI_OF,
Ngô Đình Nhu,PSL Research University,ALUMNI_OF,
Ngô Tác Đống,Đại học Quốc gia Singapore,ALUMNI_OF,
Nelson Mandela,Đại học London,ALUMNI_OF,
Nelson Mandela,Đại học Witwatersrand,ALUMNI_OF,
Niwatthamrong Boonsongpaisan,Đại học Srinakharinwirot,ALUMNI_OF,
Niwatthamrong Boonsongpaisan,Đại học Chulalongkorn,ALUMNI_OF,
Nicolas Sarkozy,Đại học Paris Nanterre,ALUMNI_OF,
Nicolas Sarkozy,Sciences Po,ALUMNI_OF,
Noda Yoshihiko,Đại học Waseda,ALUMNI_OF,
Ngô Đình Diệm,Trường Trung học phổ thông chuyên Quốc Học,ALUMNI_OF,
Ngô Đình Diệm,Trường Hậu bổ (Hà Nội),ALUMNI_OF,
Ngô Đình Diệm,Đại học Michigan,ALUMNI_OF,
Nikolai Ivanovich Bukharin,Đại học Moskva,ALUMNI_OF,1911
Nguyễn Xuân Phúc,Trường Đại học Kinh tế Quốc dân,ALUMNI_OF,
Nguyễn Xuân Phúc,Học viện Hành chính Quốc gia,ALUMNI_OF,
Nguyễn Xuân Phúc,Đại học Quốc gia Singapore,ALUMNI_OF,
Nguyễn Xuân Phúc,Học viện Chính trị Quốc gia Hồ Chí Minh,ALUMNI_OF,
Numan Kurtulmuş,Đại học Istanbul,ALUMNI_OF,
Nukaga Fukushirō,Đại học Waseda,ALUMNI_OF,
Obuchi Keizō,Đại học Waseda,ALUMNI_OF,
Nguyễn Tấn Dũng,Trường Đại học Luật Thành phố Hồ Chí Minh,ALUMNI_OF,
Nguyễn Tấn Dũng,Học viện Chính trị Quốc gia Hồ Chí Minh,ALUMNI_OF,
Ole von Beust,Đại học Hamburg,ALUMNI_OF,
Odysseas Elytis,University of Athens,ALUMNI_OF,
Nguyễn Văn Thiệu,Trường Võ bị Quốc gia Đà Lạt,ALUMNI_OF,
Oliver Wolcott Jr.,Đại học Yale,ALUMNI_OF,
Orbán Viktor,Đại học Eötvös Loránd,ALUMNI_OF,
Osvaldo Dorticós Torrado,Đại học La Habana,ALUMNI_OF,
P. V. Narasimha Rao,Đại học Osmania,ALUMNI_OF,
Olaf Scholz,Đại học Hamburg,ALUMNI_OF,
Olof Palme,Đại học Stockholm,ALUMNI_OF,
Paavo Lipponen,Đại học Dartmouth,ALUMNI_OF,
Paavo Lipponen,Đại học Helsinki,ALUMNI_OF,
Otto von Bismarck,Đại học Göttingen,ALUMNI_OF,
Pakalitha Mosisili,Đại học Simon Fraser,ALUMNI_OF,
Paolo Gentiloni,Đại học Roma Sapienza,ALUMNI_OF,
Paul Deschanel,Đại học Paris,ALUMNI_OF,
Park Geun-hye,Đại học Sogang,ALUMNI_OF,
Paetongtarn Shinawatra,Đại học Chulalongkorn,ALUMNI_OF,
Paetongtarn Shinawatra,Cử nhân Nghệ thuật,ALUMNI_OF,
Paul Doumer,Đại học Paris,ALUMNI_OF,
Paul Ryan,Đại học Miami,ALUMNI_OF,
Patrice de Mac Mahon,École spéciale militaire de Saint-Cyr,ALUMNI_OF,
Park Chung-hee,Trường Sĩ quan Lục quân (Đế quốc Nhật Bản),ALUMNI_OF,
Pedro Passos Coelho,Đại học Lisboa,ALUMNI_OF,
Peter A. Diamond,Đại học Yale,ALUMNI_OF,
Paul Samuelson,Đại học Harvard,ALUMNI_OF,
Paul Samuelson,Đại học Chicago,ALUMNI_OF,
Pehr Evind Svinhufvud,Đại học Helsinki,ALUMNI_OF,
Pete Buttigieg,Đại học Harvard,ALUMNI_OF,
Pedro Sánchez,Đại học Complutense Madrid,ALUMNI_OF,
Petr Pavel,Đại học Nhà vua Luân Đôn,ALUMNI_OF,
Petr Fiala,Đại học Masaryk,ALUMNI_OF,
Petr Fiala,Đại học Charles ở Praha,ALUMNI_OF,
Phan Công Thắng,Đại học Nhân dân Trung Quốc,ALUMNI_OF,
Phan Công Thắng,Trường Đảng Trung ương Đảng Cộng sản Trung Quốc,ALUMNI_OF,
Peter Paul Rubens,Đại học Cambridge,ALUMNI_OF,
Phil Scott,Đại học Vermont,ALUMNI_OF,
Phan Nhạc (chính khách),Đại học Nhân dân Trung Quốc,ALUMNI_OF,
Phan Nhạc (chính khách),Đại học Chiết Giang,ALUMNI_OF,
Phan Nhạc (chính khách),Đại học Sư phạm Hoa Trung,ALUMNI_OF,
Phan Nhạc (chính khách),Trường Đảng Trung ương Đảng Cộng sản Trung Quốc,ALUMNI_OF,
Phumtham Wechayachai,Đại học Chulalongkorn,ALUMNI_OF,
Pierre Trudeau,Đại học Harvard,ALUMNI_OF,
Pierre Trudeau,Viện Nghiên cứu Chính trị Paris,ALUMNI_OF,
Pierre Trudeau,Trường Kinh tế London,ALUMNI_OF,
Pete Ricketts,Đại học Chicago,ALUMNI_OF,
Pranab Mukherjee,Đại học Calcutta,ALUMNI_OF,
Prescott Bush,Đại học Yale,ALUMNI_OF,
Pete Hegseth,Đại học Princeton,ALUMNI_OF,
Pete Hegseth,Cử nhân Nghệ thuật,ALUMNI_OF,
Pete Hegseth,Đại học Harvard,ALUMNI_OF,
Phil Murphy,Đại học Harvard,ALUMNI_OF,
Phil Murphy,Đại học Pennsylvania,ALUMNI_OF,
Prokopis Pavlopoulos,Đại học Athena,ALUMNI_OF,
Prokopis Pavlopoulos,Trường Đại học Panthéon-Assas,ALUMNI_OF,
Pierre Mendès France,Đại học Paris,ALUMNI_OF,
Rafael Erich,Đại học Helsinki,ALUMNI_OF,
Rafael Mandelman,Đại học Yale,ALUMNI_OF,
Rafael Mandelman,Đại học Harvard,ALUMNI_OF,
Rafael Mandelman,"Đại học California, Berkeley",ALUMNI_OF,
Rahul Gandhi,Đại học Harvard,ALUMNI_OF,
Noam Chomsky,Đại học Pennsylvania,ALUMNI_OF,
Phạm Minh Chính,Học viện Quan hệ Quốc tế,ALUMNI_OF,
Phạm Minh Chính,Trường Đại học Hà Nội,ALUMNI_OF,
Phạm Minh Chính,Đại học Xây dựng Bucarest,ALUMNI_OF,
Phạm Minh Chính,Học viện Chính trị Quốc gia Hồ Chí Minh,ALUMNI_OF,
Rajendra Prasad,Đại học Calcutta,ALUMNI_OF,
Rand Paul,Đại học Duke,ALUMNI_OF,
Recep Tayyip Erdoğan,Đại học Marmara,ALUMNI_OF,
Ramón Grau,Đại học La Habana,ALUMNI_OF,
Raymond Poincaré,Đại học Paris,ALUMNI_OF,
Reuven Rivlin,Đại học Hebrew của Jerusalem,ALUMNI_OF,
Richard Rush,Đại học Princeton,ALUMNI_OF,
Richard Stone,Đại học Cambridge,ALUMNI_OF,
Ricardo Rosselló,Đại học Michigan,ALUMNI_OF,
Richard Wagner,Đại học Leipzig,ALUMNI_OF,
Richard von Weizsäcker,Đại học Göttingen,ALUMNI_OF,
Rex Tillerson,Đại học Texas tại Austin,ALUMNI_OF,
Robert A. Heinlein,Học viện Hải quân Hoa Kỳ,ALUMNI_OF,
Robert Bridges,Eton College,ALUMNI_OF,
Robert F. Kennedy,Đại học Harvard,ALUMNI_OF,
Robert F. Kennedy,Đại học Virginia,ALUMNI_OF,
Robert Abela,Đại học Malta,ALUMNI_OF,
Robert F. Engle,Đại học Cornell,ALUMNI_OF,1969
Robert McNamara,"University of California, Berkeley",ALUMNI_OF,
"Robert Lucas, Jr.",Đại học Chicago,ALUMNI_OF,
Robert Fogel,Đại học Cornell,ALUMNI_OF,
Robert Fogel,Đại học Columbia,ALUMNI_OF,
Robert Fogel,Đại học Johns Hopkins,ALUMNI_OF,
Robert Mueller,Đại học Princeton,ALUMNI_OF,
Robert Mueller,Đại học New York,ALUMNI_OF,
Robert Mueller,Đại học Virginia,ALUMNI_OF,
Rishi Sunak,Đại học Stanford,ALUMNI_OF,
Robert Menzies,Đại học Melbourne,ALUMNI_OF,
Robert Mundell,Trường Kinh tế London,ALUMNI_OF,
Robert Mundell,Đại học Washington,ALUMNI_OF,
Robert Mugabe,Đại học London,ALUMNI_OF,
Robert Schumann,Đại học Leipzig,ALUMNI_OF,
Robert Schumann,Đại học Heidelberg,ALUMNI_OF,
Richard Nixon,Cử nhân Nghệ thuật,ALUMNI_OF,
Roman Herzog,Đại học Ludwig Maximilian Munich,ALUMNI_OF,
Roger Martin du Gard,École du Louvre,ALUMNI_OF,
Roger Ebert,Đại học Chicago,ALUMNI_OF,
Ron Paul,Đại học Duke,ALUMNI_OF,
Romano Prodi,Università Cattolica del Sacro Cuore,ALUMNI_OF,
Romano Prodi,Trường Kinh tế London,ALUMNI_OF,
Robert Solow,Đại học Harvard,ALUMNI_OF,
Robert R. Redfield,Đại học Georgetown,ALUMNI_OF,
Rudy Giuliani,New York University,ALUMNI_OF,
Ron DeSantis,Đại học Yale,ALUMNI_OF,
Ron DeSantis,Cử nhân Nghệ thuật,ALUMNI_OF,
Ron DeSantis,Đại học Harvard,ALUMNI_OF,
Roscoe H. Hillenkoetter,Học viện Hải quân Hoa Kỳ,ALUMNI_OF,
Rudolf Hess,Đại học Munich,ALUMNI_OF,
Ruth Bader Ginsburg,Cornell University,ALUMNI_OF,
Sali Berisha,Đại học Tirana,ALUMNI_OF,
Saif al-Islam Gaddafi,Trường Kinh tế và Khoa học Chính trị Luân Đôn,ALUMNI_OF,
Sam Brownback,Kansas State University,ALUMNI_OF,
Sam Nunn,Viện Công nghệ Georgia,ALUMNI_OF,
Sam Lansky,The New School,ALUMNI_OF,
Saionji Kinmochi,Đại học Paris,ALUMNI_OF,
Saitō Makoto,Học viện Hải quân Đế quốc Nhật Bản,ALUMNI_OF,
Samak Sundaravej,Đại học Thammasat,ALUMNI_OF,
Samuel Dexter,Đại học Harvard,ALUMNI_OF,
Sellapan Ramanathan,Đại học Malaya,ALUMNI_OF,
Scott Morrison,Đại học New South Wales,ALUMNI_OF,
Sebastian Kurz,Đại học Viên,ALUMNI_OF,
Roy Cooper,Đại học North Carolina tại Chapel Hill,ALUMNI_OF,
Satō Eisaku,Đại học Tokyo,ALUMNI_OF,
Sergio Mattarella,Đại học Sapienza của Rome,ALUMNI_OF,
Shankar Dayal Sharma,Đại học Cambridge,ALUMNI_OF,
Shankar Dayal Sharma,Đại học Harvard,ALUMNI_OF,
Somchai Wongsawat,Đại học Thammasat,ALUMNI_OF,
Slobodan Milošević,Đại học Beograd,ALUMNI_OF,
Simon Kuznets,Đại học Columbia,ALUMNI_OF,
Sigmar Gabriel,Đại học Göttingen,ALUMNI_OF,
Shimon Peres,The New School,ALUMNI_OF,
Shimon Peres,Đại học New York,ALUMNI_OF,
Shimon Peres,Đại học Harvard,ALUMNI_OF,
Silvio Berlusconi,Đại học Milano,ALUMNI_OF,
Stefan Löfven,Đại học Umeå,ALUMNI_OF,
Stephen Kotkin,"Đại học California, Berkeley",ALUMNI_OF,
Srettha Thavisin,Đại học Chulalongkorn,ALUMNI_OF,
Ronald Reagan,Cử nhân Nghệ thuật,ALUMNI_OF,
Suthep Thaugsuban,Đại học Chiang Mai,ALUMNI_OF,
Sébastien Lecornu,Đại học Panthéon-Assas,ALUMNI_OF,
T. Keith Glennan,Đại học Yale,ALUMNI_OF,
Steven Chu,Đại học California tại Berkeley,ALUMNI_OF,
Tage Erlander,Đại học Lund,ALUMNI_OF,
Tanigaki Sadakazu,Đại học Tokyo,ALUMNI_OF,
Tarja Halonen,Đại học Helsinki,ALUMNI_OF,
Ted Kennedy,University of Virginia,ALUMNI_OF,
Ted Cruz,Đại học Princeton,ALUMNI_OF,1992
Teuvo Aura,Đại học Helsinki,ALUMNI_OF,
Takeshita Noboru,Đại học Waseda,ALUMNI_OF,
Thabo Mbeki,University of London,ALUMNI_OF,
Takaichi Sanae,Đại học Kobe,ALUMNI_OF,
Tharman Shanmugaratnam,Trường Kinh tế London,ALUMNI_OF,
Tharman Shanmugaratnam,Đại học Harvard,ALUMNI_OF,
Tate Reeves,Cử nhân Nghệ thuật,ALUMNI_OF,
Theodore Schultz,Đại học Wisconsin–Madison,ALUMNI_OF,
Theodor Heuss,Đại học Ludwig Maximilian Munich,ALUMNI_OF,
Thomas J. Sargent,Đại học California tại Berkeley,ALUMNI_OF,
Thomas J. Sargent,Đại học Harvard,ALUMNI_OF,
Thomas Hardy,Đại học Nhà vua Luân Đôn,ALUMNI_OF,
Thomas Piketty,École normale supérieure,ALUMNI_OF,
Thomas Mann,Đại học Ludwig Maximilian München,ALUMNI_OF,
Thomas Mann,Đại học Kỹ thuật München,ALUMNI_OF,
Theodore Roosevelt Jr.,Đại học Harvard,ALUMNI_OF,
Thomas More,Đại học Oxford,ALUMNI_OF,
Thận Hải Hùng,Đại học Giao thông Thượng Hải,ALUMNI_OF,
Thẩm Dược Dược,Trường Đảng Trung ương Đảng Cộng sản Trung Quốc,ALUMNI_OF,
Thái Anh Văn,Đại học quốc lập Đài Loan,ALUMNI_OF,
Thái Anh Văn,Đại học Cornell,ALUMNI_OF,
Thái Anh Văn,Đại học London,ALUMNI_OF,
Thaddeus Stevens,Đại học Dartmouth,ALUMNI_OF,
Thaddeus Stevens,Đại học Vermont,ALUMNI_OF,
Theodore Roosevelt,Đại học Harvard,ALUMNI_OF,
Thạch Thái Phong,Đại học Bắc Kinh,ALUMNI_OF,
Thái Kỳ,Trường Đảng Trung ương Đảng Cộng sản Trung Quốc,ALUMNI_OF,
Thomas Jefferson,Đại học William và Mary,ALUMNI_OF,
Triệu Hồng Chúc,Trường Đảng Trung ương Đảng Cộng sản Trung Quốc,ALUMNI_OF,
Toomas Hendrik Ilves,Đại học Pennsylvania,ALUMNI_OF,
Tony Evers,Đại học Wisconsin-Madison,ALUMNI_OF,
Trygve Haavelmo,Đại học Oslo,ALUMNI_OF,
Trương Chí Hiền,Đại học Harvard,ALUMNI_OF,
Triệu Lạc Tế,Đại học Bắc Kinh,ALUMNI_OF,
Triệu Lạc Tế,Trường Đảng Trung ương Đảng Cộng sản Trung Quốc,ALUMNI_OF,
Triệu Khắc Chí,Trường Đảng Trung ương Đảng Cộng sản Trung Quốc,ALUMNI_OF,
Trương Quân,Đại học Cát Lâm,ALUMNI_OF,
Trương Quân,Đại học Nhân dân Trung Quốc,ALUMNI_OF,
Trương Quân,Đại học Vũ Hán,ALUMNI_OF,
Trương Quân,Trường Đảng Trung ương Đảng Cộng sản Trung Quốc,ALUMNI_OF,
Tony Atkinson,Đại học Cambridge,ALUMNI_OF,
Trương Đức Giang,Đại học Tổng hợp Kim Nhật Thành,ALUMNI_OF,
Tim Kaine,Đại học Harvard,ALUMNI_OF,
Trần Khánh Viêm,Đại học Quốc gia Singapore,ALUMNI_OF,
Trần Khánh Viêm,Đại học Adelaide,ALUMNI_OF,
Trần Phùng Phú Trân,Đại học Quốc gia Singapore,ALUMNI_OF,
Trần Lệ Xuân,Trường Trung học Albert Sarraut,ALUMNI_OF,
Trần Nhất Tân,Trường Đảng Trung ương Đảng Cộng sản Trung Quốc,ALUMNI_OF,
Thầm Di Cầm,Trường Đảng Trung ương Đảng Cộng sản Trung Quốc,ALUMNI_OF,
Trần Độc Tú,Đại học Waseda,ALUMNI_OF,
Trần Mẫn Nhĩ,Trường Đảng Trung ương,ALUMNI_OF,
Tom Wolf,Đại học Dartmouth,ALUMNI_OF,
Tom Wolf,Đại học London,ALUMNI_OF,
Tom Wolf,Viện Công nghệ Massachusetts,ALUMNI_OF,
Trần Văn Thanh (chính khách Trung Quốc),Đại học Tứ Xuyên,ALUMNI_OF,
Trần Đức Lương,Trường Đại học Mỏ – Địa chất,ALUMNI_OF,1966
Trần Thủy Biển,Đại học quốc lập Đài Loan,ALUMNI_OF,
Tào Ngu,Đại học,ALUMNI_OF,
Tào Ngu,Đại học Thanh Hoa,ALUMNI_OF,
Tôn Nghiệp Lễ,Đại học Bắc Kinh,ALUMNI_OF,
Tề Tâm,Trường Đảng Trung ương Đảng Cộng sản Trung Quốc,ALUMNI_OF,
Ueda Kazuo,Đại học Tokyo,ALUMNI_OF,
Ueda Kazuo,Viện Công nghệ Massachusetts,ALUMNI_OF,
Trịnh Sách Khiết,Trường Đảng Trung ương,ALUMNI_OF,
Ulf Kristersson,Đại học Uppsala,ALUMNI_OF,
Urho Kekkonen,Đại học Helsinki,ALUMNI_OF,
Uchibori Masao,Đại học Tokyo,ALUMNI_OF,
Ulysses S. Grant,Học viện Quân sự Hoa Kỳ,ALUMNI_OF,
Ursula von der Leyen,University of Göttingen,ALUMNI_OF,
Uông Dương,Trường Đảng Trung ương Đảng Cộng sản Trung Quốc,ALUMNI_OF,
Valdis Dombrovskis,Đại học Latvia,ALUMNI_OF,
Trương Quốc Thanh,Đại học Thanh Hoa,ALUMNI_OF,
Trương Quốc Thanh,Đại học Harvard,ALUMNI_OF,
Trương Quốc Thanh,Trường Đảng Trung ương Đảng Cộng sản Trung Quốc,ALUMNI_OF,
Viktor Fedorovych Yanukovych,Đại học Kỹ thuật Quốc gia Donetsk,ALUMNI_OF,
Vassiliki Thanou-Christophilou,Đại học Athens,ALUMNI_OF,
Vassiliki Thanou-Christophilou,Đại học Paris II,ALUMNI_OF,
Virginia Woolf,Đại học Nhà vua Luân Đôn,ALUMNI_OF,
Valéry Giscard d'Estaing,Trường Bách khoa Paris,ALUMNI_OF,
Valéry Giscard d'Estaing,Trường Hành chính quốc gia (Pháp),ALUMNI_OF,
Vu Vĩ Quốc,Đại học Nhân dân Trung Quốc,ALUMNI_OF,
Vũ Văn Mẫu,"Trường Trung học phổ thông Chu Văn An, Hà Nội",ALUMNI_OF,
Vũ Văn Mẫu,Trường Trung học Albert Sarraut,ALUMNI_OF,
Võ Văn Thưởng,Trường Đại học Tổng hợp Thành phố Hồ Chí Minh,ALUMNI_OF,1988
Võ Văn Thưởng,"Trường Đại học Khoa học Xã hội và Nhân văn, Đại học Quốc gia Thành phố Hồ Chí Minh",ALUMNI_OF,1988
Võ Văn Thưởng,Học viện Hành chính Quốc gia,ALUMNI_OF,1988
Võ Văn Thưởng,Học viện Chính trị Quốc gia Hồ Chí Minh,ALUMNI_OF,1988
Vladimir Vladimirovich Putin,Đại học Tổng hợp Sankt-Peterburg,ALUMNI_OF,
Võ Thị Ánh Xuân,Học viện Hành chính Quốc gia,ALUMNI_OF,
Võ Thị Ánh Xuân,Đại học Cần Thơ,ALUMNI_OF,
Vương Quân (sinh năm 1958),Đại học Bắc Kinh,ALUMNI_OF,
Vương Hy Cần,Đại học Thanh Hoa,ALUMNI_OF,
Võ Nguyên Giáp,Viện Đại học Đông Dương,ALUMNI_OF,
Vladimir Ilyich Lenin,Đại học Tổng hợp Sankt-Peterburg,ALUMNI_OF,
Vương tôn William xứ Gloucester,Đại học Stanford,ALUMNI_OF,
Wakatsuki Reijirō,Đại học Tokyo,ALUMNI_OF,
Wael Nader al-Halqi,Đại học Damascus,ALUMNI_OF,
Vương Quảng Hoa,Đại học Bắc Kinh,ALUMNI_OF,
Vương Quảng Hoa,Trường Đảng Trung ương Đảng Cộng sản Trung Quốc,ALUMNI_OF,
Vương Văn Đào,Đại học Phục Đán,ALUMNI_OF,
Vương Văn Đào,Trường Đảng Trung ương Đảng Cộng sản Trung Quốc,ALUMNI_OF,
Tập Cận Bình,Đại học Thanh Hoa,ALUMNI_OF,
Vương Hỗ Ninh,Đại học Phục Đán,ALUMNI_OF,
Walter Mondale,Đại học Minnesota,ALUMNI_OF,
Wilfrid Laurier,Đại học McGill,ALUMNI_OF,
Vương Tường Hỉ,Trường Đảng Trung ương Đảng Cộng sản Trung Quốc,ALUMNI_OF,
Wilhelm Frick,Đại học München,ALUMNI_OF,
Wilhelm Frick,Đại học Göttingen,ALUMNI_OF,
Wilhelm Frick,Đại học Berlin,ALUMNI_OF,
Wilhelm Frick,Đại học Heidelberg,ALUMNI_OF,
Vương Tiểu Hồng,Trường Đảng Trung ương Đảng Cộng sản Trung Quốc,ALUMNI_OF,
William Lyon Mackenzie King,Đại học Toronto,ALUMNI_OF,1909
William Lyon Mackenzie King,Đại học Chicago,ALUMNI_OF,1909
William Lyon Mackenzie King,Đại học Harvard,ALUMNI_OF,1909
William Golding,Đại học Oxford,ALUMNI_OF,
William McMahon,Đại học Sydney,ALUMNI_OF,
William P. Rogers,Đại học Colgate,ALUMNI_OF,
William R. King,University of North Carolina at Chapel Hill,ALUMNI_OF,
William Howard Taft,Đại học Yale,ALUMNI_OF,
William Henry Harrison,Đại học Pennsylvania,ALUMNI_OF,
William Vickrey,Đại học Columbia,ALUMNI_OF,
William Vickrey,Đại học Yale,ALUMNI_OF,
Win Myint,Đại học Yangon,ALUMNI_OF,
William Wordsworth,Đại học Cambridge,ALUMNI_OF,
Wolfgang Schäuble,Đại học Freiburg,ALUMNI_OF,
Wolfgang Schäuble,Đại học Hamburg,ALUMNI_OF,
William Weld,Đại học Harvard,ALUMNI_OF,
William Weld,Đại học Oxford,ALUMNI_OF,
Yamauchi Hiroshi,Đại học Waseda,ALUMNI_OF,
Włodzimierz Cimoszewicz,Đại học Warszawa,ALUMNI_OF,
Woodrow Wilson,Đại học Princeton,ALUMNI_OF,
Woodrow Wilson,Đại học Johns Hopkins,ALUMNI_OF,
William Wilberforce,Đại học Cambridge,ALUMNI_OF,
Yevgeny Maksimovich Primakov,Đại học Quốc gia Moskva,ALUMNI_OF,
Yun Bo-seon,Đại học Edinburgh,ALUMNI_OF,
Zbigniew Brzezinski,Đại học McGill,ALUMNI_OF,
Zbigniew Brzezinski,Đại học Harvard,ALUMNI_OF,
Zara Tindall,Đại học Exeter,ALUMNI_OF,
Âm Hòa Tuấn,Viện Khoa học Trung Quốc,ALUMNI_OF,
Álvaro Uribe,Đại học Harvard,ALUMNI_OF,
Yoshida Shigeru,Đại học Tokyo,ALUMNI_OF,
Ân Dũng,Đại học Thanh Hoa,ALUMNI_OF,
Ân Dũng,Đại học Harvard,ALUMNI_OF,
Yoon Suk-yeol,Đại học Quốc gia Seoul,ALUMNI_OF,
Émile Loubet,Đại học Paris,ALUMNI_OF,
Yingluck Shinawatra,Đại học Chiang Mai,ALUMNI_OF,
Yingluck Shinawatra,Đại học Bang Kentucky,ALUMNI_OF,
Zoran Milanović,Đại học Zagreb,ALUMNI_OF,
Winston Churchill,Trường Harrow,ALUMNI_OF,
Édouard Philippe,Sciences Po,ALUMNI_OF,
Édouard Philippe,Trường Quốc gia Hành chính Pháp,ALUMNI_OF,
Zulfikar Ali Bhutto,"Đại học California, Berkeley",ALUMNI_OF,
Đường Lương Trí,Đại học Khoa học và Kỹ thuật Hoa Trung,ALUMNI_OF,
Đường Lương Trí,Trường Đảng Trung ương Đảng Cộng sản Trung Quốc,ALUMNI_OF,
Đỗ Gia Hào,Đại học Sư phạm Hoa Đông,ALUMNI_OF,
Đổng Quân,Học viện Hải quân Đại Liên,ALUMNI_OF,
Đinh Tiết Tường,Đại học Phục Đán,ALUMNI_OF,
Đặng Tiểu Bình,Đại học Tôn Trung Sơn Moskva,ALUMNI_OF,
