source_title,target_title
Mark Zuckerberg,"White Plains, New York"
Mark Zuckerberg,Hoa Kỳ
Mark Zuckerberg,Đại học Harvard
Mark Zuckerberg,Meta (công ty)
Mark Zuckerberg,Priscilla Chan (nhà nhân đạo)
Mark Zuckerberg,Randi Zuckerberg
Mark Zuckerberg,14 tháng 5
Mark Zuckerberg,1984
Mark Zuckerberg,Lập trình máy tính
Mark Zuckerberg,Người Mỹ
Mark Zuckerberg,Internet
Mark Zuckerberg,$
Mark Zuckerberg,Ký túc xá sinh viên
Mark Zuckerberg,Eduardo Saverin
Mark Zuckerberg,Andrew McCollum
Mark Zuckerberg,Dustin Moskovitz
Mark Zuckerberg,Chris Hughes
Mark Zuckerberg,Hạt Westchester
Mark Zuckerberg,New York (tiểu bang)
Mark Zuckerberg,Đức
Mark Zuckerberg,Áo
Mark Zuckerberg,Ba Lan
Mark Zuckerberg,New York
Mark Zuckerberg,"Quận Westchester, New York"
Mark Zuckerberg,Midtown Manhattan
Mark Zuckerberg,Do Thái giáo
Mark Zuckerberg,Bar Mitzvah
Mark Zuckerberg,New Hampshire
Mark Zuckerberg,Đại học Johns Hopkins
Mark Zuckerberg,Tiếng Pháp
Mark Zuckerberg,Tiếng Hebrew
Mark Zuckerberg,Tiếng Latinh
Mark Zuckerberg,Tiếng Hy Lạp cổ đại
Mark Zuckerberg,Đấu kiếm
Mark Zuckerberg,Diaspora
Mark Zuckerberg,New Jersey
Mark Zuckerberg,Priscilla Chan
Mark Zuckerberg,Cổ phiếu
Mark Zuckerberg,Đô la Mỹ
Mark Zuckerberg,Virus Ebola
Mark Zuckerberg,Đại dịch cúm 2009
Mark Zuckerberg,Tây Phi
Mark Zuckerberg,IPO
Mark Zuckerberg,Đại học California
Mark Zuckerberg,2002
Mark Zuckerberg,Thành phố New York
Mark Zuckerberg,Đầu phiếu
Mark Zuckerberg,2013
Mark Zuckerberg,Frederik Willem de Klerk
Mark Zuckerberg,Facebook
Mark Zuckerberg,2015
Mark Zuckerberg,Người Hồi giáo
Mark Zuckerberg,Người Do Thái
Mark Zuckerberg,Người nhập cư kỹ thuật số
Mark Zuckerberg,Tị nạn
Mark Zuckerberg,Hư thai
Mark Zuckerberg,Tiếng Trung Quốc
Mark Zuckerberg,Đạo Do Thái
Mark Zuckerberg,Vô thần
Mark Zuckerberg,Phật giáo
Mark Zuckerberg,Thiên Chúa giáo
Mark Zuckerberg,Giáo hoàng Phanxicô
Mark Zuckerberg,Time (magazine)
Mark Zuckerberg,The Daily Telegraph
Mark Zuckerberg,ISBN
Mark Zuckerberg,The Hollywood Reporter
Mark Zuckerberg,The Mercury News
Mark Zuckerberg,The Washington Post
Mark Zuckerberg,Forbes
Mark Zuckerberg,TechCrunch
Mark Zuckerberg,The Verge
Mark Zuckerberg,U.S. News & World Report
Mark Zuckerberg,TheWrap
Mark Zuckerberg,The Guardian
Mark Zuckerberg,Wayback Machine
Mark Zuckerberg,BBC News
Mark Zuckerberg,BBC
Mark Zuckerberg,Wikiquote
Mark Zuckerberg,Internet Movie Database
Mark Zuckerberg,The New York Times
Mark Zuckerberg,The Wall Street Journal
Mark Zuckerberg,Meta Platforms
Mark Zuckerberg,Jim Breyer
Mark Zuckerberg,Peter Thiel
Mark Zuckerberg,Chris Cox
Mark Zuckerberg,Sheryl Sandberg
Mark Zuckerberg,Mike Schroepfer
Mark Zuckerberg,Bret Taylor
Mark Zuckerberg,Sean Parker
Mark Zuckerberg,Gideon Yu
Mark Zuckerberg,Adam D'Angelo
Mark Zuckerberg,Matt Cohler
Mark Zuckerberg,Andrei Alexandrescu
Mark Zuckerberg,Charlie Cheever
Mark Zuckerberg,HipHop for PHP
Mark Zuckerberg,Hiệu ứng Facebook (sách)
Mark Zuckerberg,The Social Network
Mark Zuckerberg,Nút thích của Facebook
Mark Zuckerberg,M (trợ lý ảo)
Mark Zuckerberg,Sự cố Facebook ngừng hoạt động 2021
Mark Zuckerberg,Nhân vật của năm (tạp chí Time)
Mark Zuckerberg,Rudy Giuliani
Mark Zuckerberg,Người thổi còi
Mark Zuckerberg,Quân đội Hoa Kỳ
Mark Zuckerberg,George W. Bush
Mark Zuckerberg,Dụ ngôn Người Samaria nhân lành
Mark Zuckerberg,Bono
Mark Zuckerberg,Bill Gates
Mark Zuckerberg,Melinda Gates
Mark Zuckerberg,Vladimir Vladimirovich Putin
Mark Zuckerberg,Barack Obama
Mark Zuckerberg,Ben Bernanke
Mark Zuckerberg,Dịch bệnh Ebola tại châu Phi năm 2014
Mark Zuckerberg,Angela Merkel
Mark Zuckerberg,Donald Trump
Mark Zuckerberg,Phong trào Me Too
Mark Zuckerberg,Jamal Khashoggi
Mark Zuckerberg,Maria Ressa
Mark Zuckerberg,Greta Thunberg
Mark Zuckerberg,Joe Biden
Mark Zuckerberg,Kamala Harris
Mark Zuckerberg,Elon Musk
Mark Zuckerberg,Volodymyr Oleksandrovych Zelenskyy
Mark Zuckerberg,Người Ukraina
Mark Zuckerberg,Taylor Swift
Mark Zuckerberg,Kiểm soát tính nhất quán
