src_person,dst_person,relation,shared_universities,same_grad_year
Mark Zuckerberg,$,LINKS_TO,,0
Mark Zuckerberg,14 tháng 5,LINKS_TO,,0
Mark Zuckerberg,1984,LINKS_TO,,0
Mark Zuckerberg,2002,LINKS_TO,,0
Mark Zuckerberg,2013,LINKS_TO,,0
Mark Zuckerberg,2015,LINKS_TO,,0
Mark Zuckerberg,Adam D'Angelo,LINKS_TO,,0
Mark Zuckerberg,America (magazine),LINKS_TO,,0
Mark Zuckerberg,Andrei Alexandrescu,LINKS_TO,,0
Mark Zuckerberg,Andrew McCollum,LINKS_TO,,0
Mark Zuckerberg,Angela Merkel,LINKS_TO,,0
Mark Zuckerberg,Apache Cassandra,LINKS_TO,,0
Mark Zuckerberg,Apache Hive,LINKS_TO,,0
Mark Zuckerberg,Apache Thrift,LINKS_TO,,0
Mark Zuckerberg,BBC,LINKS_TO,,0
Mark Zuckerberg,BBC News,LINKS_TO,,0
Mark Zuckerberg,Ba Lan,LINKS_TO,,0
Mark Zuckerberg,Bar Mitzvah,LINKS_TO,,0
Mark Zuckerberg,Barack Obama,LINKS_TO,,0
Mark Zuckerberg,Ben Bernanke,LINKS_TO,,0
Mark Zuckerberg,Bill Gates,LINKS_TO,,0
Mark Zuckerberg,Biểu đồ xã hội,LINKS_TO,,0
Mark Zuckerberg,Bono,LINKS_TO,,0
Mark Zuckerberg,Bret Taylor,LINKS_TO,,0
Mark Zuckerberg,C-SPAN,LINKS_TO,,0
Mark Zuckerberg,Capital Gazette shooting,LINKS_TO,,0
Mark Zuckerberg,Cenk Uygur,LINKS_TO,,0
Mark Zuckerberg,Charlie Cheever,LINKS_TO,,0
Mark Zuckerberg,Chris Cox,LINKS_TO,,0
Mark Zuckerberg,Chris Hughes,LINKS_TO,,0
Mark Zuckerberg,Chris Kelly,LINKS_TO,,0
Mark Zuckerberg,Chính bạn (Nhân vật của năm),LINKS_TO,,0
Mark Zuckerberg,Coleen Rowley,LINKS_TO,,0
Mark Zuckerberg,CourseMatch,LINKS_TO,,0
Mark Zuckerberg,Cynthia Cooper (nhân viên kế toán),LINKS_TO,,0
Mark Zuckerberg,Câu lạc bộ Sierra,LINKS_TO,,0
Mark Zuckerberg,Cổ phiếu,LINKS_TO,,0
Mark Zuckerberg,Diaspora,LINKS_TO,,0
Mark Zuckerberg,Do Thái giáo,LINKS_TO,,0
Mark Zuckerberg,"Dobbs Ferry, New York",LINKS_TO,,0
Mark Zuckerberg,Donald E. Graham,LINKS_TO,,0
Mark Zuckerberg,Donald Trump,LINKS_TO,,0
Mark Zuckerberg,Dustin Moskovitz,LINKS_TO,,0
Mark Zuckerberg,Dân chủ cho Mỹ,LINKS_TO,,0
Mark Zuckerberg,Dịch bệnh Ebola tại châu Phi năm 2014,LINKS_TO,,0
Mark Zuckerberg,Dụ ngôn Người Samaria nhân lành,LINKS_TO,,0
Mark Zuckerberg,Eduardo Saverin,LINKS_TO,,0
Mark Zuckerberg,Elliot Schrage,LINKS_TO,,0
Mark Zuckerberg,Elma Rosas,LINKS_TO,,0
Mark Zuckerberg,Elon Musk,LINKS_TO,,0
Mark Zuckerberg,Facebook,LINKS_TO,,0
Mark Zuckerberg,Facebook Beacon,LINKS_TO,,0
Mark Zuckerberg,Facebook Query Language,LINKS_TO,,0
Mark Zuckerberg,Facemash,LINKS_TO,,0
Mark Zuckerberg,Forbes,LINKS_TO,,0
Mark Zuckerberg,Frederik Willem de Klerk,LINKS_TO,,0
Mark Zuckerberg,George W. Bush,LINKS_TO,,0
Mark Zuckerberg,Gideon Yu,LINKS_TO,,0
Mark Zuckerberg,Gigaom,LINKS_TO,,0
Mark Zuckerberg,Giáo hoàng Phanxicô,LINKS_TO,,0
Mark Zuckerberg,Greta Thunberg,LINKS_TO,,0
Mark Zuckerberg,Haaretz,LINKS_TO,,0
Mark Zuckerberg,Harvard Gazette,LINKS_TO,,0
Mark Zuckerberg,HipHop for PHP,LINKS_TO,,0
Mark Zuckerberg,Hiệu ứng Facebook (sách),LINKS_TO,,0
Mark Zuckerberg,Hoa Kỳ,LINKS_TO,,0
Mark Zuckerberg,Hư thai,LINKS_TO,,0
Mark Zuckerberg,Hạt Westchester,LINKS_TO,,0
Mark Zuckerberg,IPO,LINKS_TO,,0
Mark Zuckerberg,ISBN,LINKS_TO,,0
Mark Zuckerberg,Internet,LINKS_TO,,0
Mark Zuckerberg,Internet Movie Database,LINKS_TO,,0
Mark Zuckerberg,Jamal Khashoggi,LINKS_TO,,0
Mark Zuckerberg,Jim Breyer,LINKS_TO,,0
Mark Zuckerberg,Joe Biden,LINKS_TO,,0
Mark Zuckerberg,Kamala Harris,LINKS_TO,,0
Mark Zuckerberg,Kent Brantly,LINKS_TO,,0
Mark Zuckerberg,Khu bảo tồn Động vật Hoang dã Quốc gia Bắc cực,LINKS_TO,,0
Mark Zuckerberg,Kiểm soát tính nhất quán,LINKS_TO,,0
Mark Zuckerberg,Ký túc xá sinh viên,LINKS_TO,,0
Mark Zuckerberg,Lev Grossman,LINKS_TO,,0
Mark Zuckerberg,Lập trình máy tính,LINKS_TO,,0
Mark Zuckerberg,Lịch sử của Facebook,LINKS_TO,,0
Mark Zuckerberg,M (trợ lý ảo),LINKS_TO,,0
Mark Zuckerberg,Marc Andreessen,LINKS_TO,,0
Mark Zuckerberg,Maria Ressa,LINKS_TO,,0
Mark Zuckerberg,Matt Cohler,LINKS_TO,,0
Mark Zuckerberg,Melinda Gates,LINKS_TO,,0
Mark Zuckerberg,Meta (công ty),LINKS_TO,,0
Mark Zuckerberg,Meta Platforms,LINKS_TO,,0
Mark Zuckerberg,Mi Shebeirach,LINKS_TO,,0
Mark Zuckerberg,Midtown Manhattan,LINKS_TO,,0
Mark Zuckerberg,Mike Schroepfer,LINKS_TO,,0
Mark Zuckerberg,MoveOn.org,LINKS_TO,,0
Mark Zuckerberg,New Hampshire,LINKS_TO,,0
Mark Zuckerberg,New Jersey,LINKS_TO,,0
Mark Zuckerberg,New York,LINKS_TO,,0
Mark Zuckerberg,New York (tiểu bang),LINKS_TO,,0
Mark Zuckerberg,Người Do Thái,LINKS_TO,,0
Mark Zuckerberg,Người Hồi giáo,LINKS_TO,,0
Mark Zuckerberg,Người Mỹ,LINKS_TO,,0
Mark Zuckerberg,Người Ukraina,LINKS_TO,,0
Mark Zuckerberg,Người nhập cư kỹ thuật số,LINKS_TO,,0
Mark Zuckerberg,Người thổi còi,LINKS_TO,,0
Mark Zuckerberg,Nhân vật của năm (tạp chí Time),LINKS_TO,,0
Mark Zuckerberg,Những chỉ trích về Facebook,LINKS_TO,,0
Mark Zuckerberg,Những mốc sự kiện của Facebook,LINKS_TO,,0
Mark Zuckerberg,Những thành quả của Facebook,LINKS_TO,,0
Mark Zuckerberg,Nút thích của Facebook,LINKS_TO,,0
Mark Zuckerberg,Nước Hồi giáo,LINKS_TO,,0
Mark Zuckerberg,Nền tảng của Facebook,LINKS_TO,,0
Mark Zuckerberg,Owen Van Natta,LINKS_TO,,0
Mark Zuckerberg,Peter Thiel,LINKS_TO,,0
Mark Zuckerberg,Phong trào Me Too,LINKS_TO,,0
Mark Zuckerberg,Phật giáo,LINKS_TO,,0
Mark Zuckerberg,Priscilla Chan,LINKS_TO,,0
Mark Zuckerberg,Priscilla Chan (nhà nhân đạo),LINKS_TO,,0
Mark Zuckerberg,Protest,LINKS_TO,,0
Mark Zuckerberg,Quân đội Hoa Kỳ,LINKS_TO,,0
Mark Zuckerberg,"Quận Westchester, New York",LINKS_TO,,0
Mark Zuckerberg,Quỹ Cộng đồng Thung lũng Silicon,LINKS_TO,,0
Mark Zuckerberg,Randi Zuckerberg,LINKS_TO,,0
Mark Zuckerberg,Rudy Giuliani,LINKS_TO,,0
Mark Zuckerberg,Scribe (log server),LINKS_TO,,0
Mark Zuckerberg,Sean Parker,LINKS_TO,,0
Mark Zuckerberg,Sherron Watkins,LINKS_TO,,0
Mark Zuckerberg,Sheryl Sandberg,LINKS_TO,,0
Mark Zuckerberg,Simon & Schuster,LINKS_TO,,0
Mark Zuckerberg,Sự cố Facebook ngừng hoạt động 2021,LINKS_TO,,0
Mark Zuckerberg,Sự cố Facebook ngừng hoạt động 2024,LINKS_TO,,0
Mark Zuckerberg,Taylor Swift,LINKS_TO,,0
Mark Zuckerberg,TechCrunch,LINKS_TO,,0
Mark Zuckerberg,Ted Ullyot,LINKS_TO,,0
Mark Zuckerberg,TheWrap,LINKS_TO,,0
Mark Zuckerberg,The Accidental Billionaires,LINKS_TO,,0
Mark Zuckerberg,The Chronicle of Philanthropy,LINKS_TO,,0
Mark Zuckerberg,The Daily Telegraph,LINKS_TO,,0
Mark Zuckerberg,The Guardian,LINKS_TO,,0
Mark Zuckerberg,The Harvard Crimson,LINKS_TO,,0
Mark Zuckerberg,The Hollywood Reporter,LINKS_TO,,0
Mark Zuckerberg,The League of Conservation Voters,LINKS_TO,,0
Mark Zuckerberg,The Mercury News,LINKS_TO,,0
Mark Zuckerberg,The New York Times,LINKS_TO,,0
Mark Zuckerberg,The Social Network,LINKS_TO,,0
Mark Zuckerberg,The Verge,LINKS_TO,,0
Mark Zuckerberg,The Wall Street Journal,LINKS_TO,,0
Mark Zuckerberg,The Washington Post,LINKS_TO,,0
Mark Zuckerberg,The Young Turks,LINKS_TO,,0
Mark Zuckerberg,Thiên Chúa giáo,LINKS_TO,,0
Mark Zuckerberg,Thành phố New York,LINKS_TO,,0
Mark Zuckerberg,Thảm sát Inn Din,LINKS_TO,,0
Mark Zuckerberg,Time (magazine),LINKS_TO,,0
Mark Zuckerberg,Tiếng Hebrew,LINKS_TO,,0
Mark Zuckerberg,Tiếng Hy Lạp cổ đại,LINKS_TO,,0
Mark Zuckerberg,Tiếng Latinh,LINKS_TO,,0
Mark Zuckerberg,Tiếng Pháp,LINKS_TO,,0
Mark Zuckerberg,Tiếng Trung Quốc,LINKS_TO,,0
Mark Zuckerberg,Tây Phi,LINKS_TO,,0
Mark Zuckerberg,Tị nạn,LINKS_TO,,0
Mark Zuckerberg,U.S. News & World Report,LINKS_TO,,0
Mark Zuckerberg,Vanity Fair (magazine),LINKS_TO,,0
Mark Zuckerberg,Virus Ebola,LINKS_TO,,0
Mark Zuckerberg,Vladimir Vladimirovich Putin,LINKS_TO,,0
Mark Zuckerberg,Volodymyr Oleksandrovych Zelenskyy,LINKS_TO,,0
Mark Zuckerberg,Vô thần,LINKS_TO,,0
Mark Zuckerberg,Wayback Machine,LINKS_TO,,0
Mark Zuckerberg,"White Plains, New York",LINKS_TO,,0
Mark Zuckerberg,Wikiquote,LINKS_TO,,0
Mark Zuckerberg,Wired (magazine),LINKS_TO,,0
Mark Zuckerberg,Wirehog,LINKS_TO,,0
Mark Zuckerberg,Áo,LINKS_TO,,0
Mark Zuckerberg,Đô la Mỹ,LINKS_TO,,0
Mark Zuckerberg,Đại dịch cúm 2009,LINKS_TO,,0
Mark Zuckerberg,Đại học California,LINKS_TO,,0
Mark Zuckerberg,Đại học Harvard,LINKS_TO,,0
Mark Zuckerberg,Đại học Johns Hopkins,LINKS_TO,,0
Mark Zuckerberg,Đạo Do Thái,LINKS_TO,,0
Mark Zuckerberg,Đấu kiếm,LINKS_TO,,0
Mark Zuckerberg,Đầu phiếu,LINKS_TO,,0
Mark Zuckerberg,Đặc điểm của Facebook,LINKS_TO,,0
Mark Zuckerberg,Đức,LINKS_TO,,0
Andrew McCollum,2004,LINKS_TO,,0
Andrew McCollum,2006,LINKS_TO,,0
Andrew McCollum,2007,LINKS_TO,,0
Andrew McCollum,Adam D'Angelo,LINKS_TO,,0
Andrew McCollum,Al Pacino,LINKS_TO,,0
Andrew McCollum,Andrei Alexandrescu,LINKS_TO,,0
Andrew McCollum,Apache Cassandra,LINKS_TO,,0
Andrew McCollum,Apache Hive,LINKS_TO,,0
Andrew McCollum,Apache Thrift,LINKS_TO,,0
Andrew McCollum,Bachelor of Science,LINKS_TO,,0
Andrew McCollum,Biểu tượng,LINKS_TO,,0
Andrew McCollum,Biểu đồ xã hội,LINKS_TO,,0
Andrew McCollum,Bret Taylor,LINKS_TO,,0
Andrew McCollum,California,LINKS_TO,,0
Andrew McCollum,Charlie Cheever,LINKS_TO,,0
Andrew McCollum,Chris Cox,LINKS_TO,,0
Andrew McCollum,Chris Hughes,LINKS_TO,,0
Andrew McCollum,Chris Kelly,LINKS_TO,,0
Andrew McCollum,Cổ phiếu,LINKS_TO,,0
Andrew McCollum,Donald E. Graham,LINKS_TO,,0
Andrew McCollum,Dustin Moskovitz,LINKS_TO,,0
Andrew McCollum,Eduardo Saverin,LINKS_TO,,0
Andrew McCollum,Elliot Schrage,LINKS_TO,,0
Andrew McCollum,Facebook,LINKS_TO,,0
Andrew McCollum,Facebook Beacon,LINKS_TO,,0
Andrew McCollum,Facebook Query Language,LINKS_TO,,0
Andrew McCollum,Gideon Yu,LINKS_TO,,0
Andrew McCollum,Harvard University,LINKS_TO,,0
Andrew McCollum,HipHop for PHP,LINKS_TO,,0
Andrew McCollum,Hiệu ứng Facebook (sách),LINKS_TO,,0
Andrew McCollum,Họa sĩ,LINKS_TO,,0
Andrew McCollum,Jim Breyer,LINKS_TO,,0
Andrew McCollum,Lịch sử của Facebook,LINKS_TO,,0
Andrew McCollum,M (trợ lý ảo),LINKS_TO,,0
Andrew McCollum,Marc Andreessen,LINKS_TO,,0
Andrew McCollum,Mark Zuckerberg,LINKS_TO,,0
Andrew McCollum,Master of Education,LINKS_TO,,0
Andrew McCollum,Matt Cohler,LINKS_TO,,0
Andrew McCollum,Meta Platforms,LINKS_TO,,0
Andrew McCollum,Mike Schroepfer,LINKS_TO,,0
Andrew McCollum,Nhà đầu tư thiên thần,LINKS_TO,,0
Andrew McCollum,Những chỉ trích về Facebook,LINKS_TO,,0
Andrew McCollum,Những mốc sự kiện của Facebook,LINKS_TO,,0
Andrew McCollum,Những thành quả của Facebook,LINKS_TO,,0
Andrew McCollum,Nút thích của Facebook,LINKS_TO,,0
Andrew McCollum,Nền tảng Meta,LINKS_TO,,0
Andrew McCollum,Nền tảng của Facebook,LINKS_TO,,0
Andrew McCollum,Owen Van Natta,LINKS_TO,,0
Andrew McCollum,Peter Thiel,LINKS_TO,,0
Andrew McCollum,Philo (công ty),LINKS_TO,,0
Andrew McCollum,Priscilla Chan,LINKS_TO,,0
Andrew McCollum,Randi Zuckerberg,LINKS_TO,,0
Andrew McCollum,Scribe (log server),LINKS_TO,,0
Andrew McCollum,Sean Parker,LINKS_TO,,0
Andrew McCollum,Sheryl Sandberg,LINKS_TO,,0
Andrew McCollum,Sự cố Facebook ngừng hoạt động 2021,LINKS_TO,,0
Andrew McCollum,Sự cố Facebook ngừng hoạt động 2024,LINKS_TO,,0
Andrew McCollum,Ted Ullyot,LINKS_TO,,0
Andrew McCollum,The Accidental Billionaires,LINKS_TO,,0
Andrew McCollum,The Social Network,LINKS_TO,,0
Andrew McCollum,Tháng chín,LINKS_TO,,0
Andrew McCollum,Tháng hai,LINKS_TO,,0
Andrew McCollum,Wayback Machine,LINKS_TO,,0
Andrew McCollum,Website,LINKS_TO,,0
Andrew McCollum,Wirehog,LINKS_TO,,0
Andrew McCollum,Đại học Harvard,LINKS_TO,,0
Andrew McCollum,Đặc điểm của Facebook,LINKS_TO,,0
Elon Musk,ACLU,LINKS_TO,,0
Elon Musk,Addie Wyatt,LINKS_TO,,0
Elon Musk,Adolf Hitler,LINKS_TO,,0
Elon Musk,Agence France-Presse,LINKS_TO,,0
Elon Musk,Alison Cheek,LINKS_TO,,0
Elon Musk,All Things D,LINKS_TO,,0
Elon Musk,AltaVista,LINKS_TO,,0
Elon Musk,Amber Heard,LINKS_TO,,0
Elon Musk,America PAC,LINKS_TO,,0
Elon Musk,Andrew Grove,LINKS_TO,,0
Elon Musk,Andrew Yang,LINKS_TO,,0
Elon Musk,Angela Merkel,LINKS_TO,,0
Elon Musk,Anwar Al-Sadad,LINKS_TO,,0
Elon Musk,Apollo 8,LINKS_TO,,0
Elon Musk,AsapScience,LINKS_TO,,0
Elon Musk,Associated Press,LINKS_TO,,0
Elon Musk,Automobile,LINKS_TO,,0
Elon Musk,BASIC,LINKS_TO,,0
Elon Musk,BBC News,LINKS_TO,,0
Elon Musk,Baby boomer,LINKS_TO,,0
Elon Musk,Barack Obama,LINKS_TO,,0
Elon Musk,Barbara Jordan,LINKS_TO,,0
Elon Musk,Ben Bernanke,LINKS_TO,,0
Elon Musk,Berliner Zeitung,LINKS_TO,,0
Elon Musk,Betty Ford,LINKS_TO,,0
Elon Musk,Bill Clinton,LINKS_TO,,0
Elon Musk,Bill Gates,LINKS_TO,,0
Elon Musk,Billie Jean King,LINKS_TO,,0
Elon Musk,Biểu tình phản đối Elon Musk,LINKS_TO,,0
Elon Musk,Bloomberg L.P.,LINKS_TO,,0
Elon Musk,Bono,LINKS_TO,,0
Elon Musk,Boring Test Tunnel,LINKS_TO,,0
Elon Musk,Bruce Leak,LINKS_TO,,0
Elon Musk,Business Insider,LINKS_TO,,0
Elon Musk,Bạn (Nhân vật của năm của tạp chí Time),LINKS_TO,,0
Elon Musk,Bảng chữ cái tiếng Anh,LINKS_TO,,0
Elon Musk,Bảo vệ môi trường,LINKS_TO,,0
Elon Musk,Bầu cử tổng thống Hoa Kỳ 2008,LINKS_TO,,0
Elon Musk,Bầu cử tổng thống Hoa Kỳ 2012,LINKS_TO,,0
Elon Musk,Bầu cử tổng thống Hoa Kỳ 2016,LINKS_TO,,0
Elon Musk,Bầu cử tổng thống Hoa Kỳ 2020,LINKS_TO,,0
Elon Musk,Bầu cử tổng thống Hoa Kỳ 2024,LINKS_TO,,0
Elon Musk,Bắt nạt,LINKS_TO,,0
Elon Musk,Bệnh Alzheimer,LINKS_TO,,0
Elon Musk,Bộ Hiệu quả Chính phủ,LINKS_TO,,0
Elon Musk,Bộ Hiệu quả Chính phủ (Hoa Kỳ),LINKS_TO,,0
Elon Musk,C-SPAN,LINKS_TO,,0
Elon Musk,CNN,LINKS_TO,,0
Elon Musk,California,LINKS_TO,,0
Elon Musk,Canada,LINKS_TO,,0
Elon Musk,Carla Anderson Hills,LINKS_TO,,0
Elon Musk,Carol Sutton,LINKS_TO,,0
Elon Musk,Charles Hard Townes,LINKS_TO,,0
Elon Musk,Charles Lindbergh,LINKS_TO,,0
Elon Musk,Charles Stark Draper,LINKS_TO,,0
Elon Musk,Charles de Gaulle,LINKS_TO,,0
Elon Musk,ChatGPT,LINKS_TO,,0
Elon Musk,Chiến tranh Iraq,LINKS_TO,,0
Elon Musk,Chuyên gia dinh dưỡng,LINKS_TO,,0
Elon Musk,Chính trị cực hữu,LINKS_TO,,0
Elon Musk,Chất gây nghiện,LINKS_TO,,0
Elon Musk,Chủ nghĩa Quốc xã,LINKS_TO,,0
Elon Musk,Chủ nghĩa môi trường,LINKS_TO,,0
Elon Musk,Citizens for Sanity,LINKS_TO,,0
Elon Musk,Coleen Rowley,LINKS_TO,,0
Elon Musk,Commodore VIC-20,LINKS_TO,,0
Elon Musk,Compaq,LINKS_TO,,0
Elon Musk,Condé Nast,LINKS_TO,,0
Elon Musk,Confinity,LINKS_TO,,0
Elon Musk,Corazon Aquino,LINKS_TO,,0
Elon Musk,Cuộc thanh trừng tháng 12 năm 2022 của Twitter,LINKS_TO,,0
Elon Musk,Cynthia Cooper (kế toán),LINKS_TO,,0
Elon Musk,Cơ điện tử,LINKS_TO,,0
Elon Musk,Cần sa,LINKS_TO,,0
Elon Musk,Cỏ Mỹ,LINKS_TO,,0
Elon Musk,Cổ phiếu,LINKS_TO,,0
Elon Musk,Cử nhân Khoa học,LINKS_TO,,0
Elon Musk,Cử nhân Nghệ thuật,LINKS_TO,,0
Elon Musk,Cử tri độc lập,LINKS_TO,,0
Elon Musk,David Ho (nhà khoa học),LINKS_TO,,0
Elon Musk,Dean Phillips,LINKS_TO,,0
Elon Musk,Der Spiegel,LINKS_TO,,0
Elon Musk,Destin Sandlin,LINKS_TO,,0
Elon Musk,Dianne Feinstein,LINKS_TO,,0
Elon Musk,Die Tageszeitung,LINKS_TO,,0
Elon Musk,Donald A. Glaser,LINKS_TO,,0
Elon Musk,Donald Trump,LINKS_TO,,0
Elon Musk,Du hành vũ trụ,LINKS_TO,,0
Elon Musk,Dwight D. Eisenhower,LINKS_TO,,0
Elon Musk,Dòng thời gian của Tesla Inc.,LINKS_TO,,0
Elon Musk,Dụ ngôn Người Samaria nhân lành,LINKS_TO,,0
Elon Musk,EBay,LINKS_TO,,0
Elon Musk,Ecco Press,LINKS_TO,,0
Elon Musk,Edward Mills Purcell,LINKS_TO,,0
Elon Musk,Edward Teller,LINKS_TO,,0
Elon Musk,Elizabeth II,LINKS_TO,,0
Elon Musk,Ella T. Grasso,LINKS_TO,,0
Elon Musk,Elon Musk's Crash Course,LINKS_TO,,0
Elon Musk,"Elon Musk: Tesla, SpaceX, and the Quest for a Fantastic Future",LINKS_TO,,0
Elon Musk,Elon Musk (Isaacson book),LINKS_TO,,0
Elon Musk,Elon Musk (sách của Isaacson),LINKS_TO,,0
Elon Musk,Elon Musk mua lại Twitter,LINKS_TO,,0
Elon Musk,Emilio G. Segrè,LINKS_TO,,0
Elon Musk,Errol Musk,LINKS_TO,,0
Elon Musk,FWD.us,LINKS_TO,,0
Elon Musk,Faisal của Ả Rập Saudi,LINKS_TO,,0
Elon Musk,Falcon 1,LINKS_TO,,0
Elon Musk,Falcon 9,LINKS_TO,,0
Elon Musk,Falcon Heavy,LINKS_TO,,0
Elon Musk,Fellow of the Royal Society,LINKS_TO,,0
Elon Musk,Financial Times,LINKS_TO,,0
Elon Musk,"Flint, Michigan",LINKS_TO,,0
Elon Musk,Focus (German magazine),LINKS_TO,,0
Elon Musk,Focus (tạp chí Đức),LINKS_TO,,0
Elon Musk,Forbes,LINKS_TO,,0
Elon Musk,Fortune (tạp chí),LINKS_TO,,0
Elon Musk,Frank Borman,LINKS_TO,,0
Elon Musk,Frankfurter Allgemeine Zeitung,LINKS_TO,,0
Elon Musk,Frankfurter Rundschau,LINKS_TO,,0
Elon Musk,Franklin D. Roosevelt,LINKS_TO,,0
Elon Musk,Franz von Holzhausen,LINKS_TO,,0
Elon Musk,Frederik Willem de Klerk,LINKS_TO,,0
Elon Musk,Fukushima,LINKS_TO,,0
Elon Musk,Future of Life Institute,LINKS_TO,,0
Elon Musk,George H. W. Bush,LINKS_TO,,0
Elon Musk,George Marshall,LINKS_TO,,0
Elon Musk,George W. Bush,LINKS_TO,,0
Elon Musk,George Wells Beadle,LINKS_TO,,0
Elon Musk,Gia đình của Elon Musk,LINKS_TO,,0
Elon Musk,Gigafactory 1,LINKS_TO,,0
Elon Musk,Gigafactory 2,LINKS_TO,,0
Elon Musk,Giá trị tài sản ròng,LINKS_TO,,0
Elon Musk,Giám đốc công nghệ,LINKS_TO,,0
Elon Musk,Giám đốc tài chính,LINKS_TO,,0
Elon Musk,Giáo hoàng Gioan Phaolô II,LINKS_TO,,0
Elon Musk,Giáo hoàng Gioan XXIII,LINKS_TO,,0
Elon Musk,Giáo hoàng Phanxicô,LINKS_TO,,0
Elon Musk,Google Inc.,LINKS_TO,,0
Elon Musk,Greta Thunberg,LINKS_TO,,0
Elon Musk,Grimes (ca sĩ),LINKS_TO,,0
Elon Musk,Haile Selassie I,LINKS_TO,,0
Elon Musk,Handelsblatt,LINKS_TO,,0
Elon Musk,Harlow Curtice,LINKS_TO,,0
Elon Musk,HarperCollins,LINKS_TO,,0
Elon Musk,Harry S. Truman,LINKS_TO,,0
Elon Musk,Henry Kissinger,LINKS_TO,,0
Elon Musk,Hillary Clinton,LINKS_TO,,0
Elon Musk,Hoa Kỳ,LINKS_TO,,0
Elon Musk,HowToBasic,LINKS_TO,,0
Elon Musk,How Ridiculous,LINKS_TO,,0
Elon Musk,Hoạt động chính trị của Elon Musk,LINKS_TO,,0
Elon Musk,Hugh S. Johnson,LINKS_TO,,0
Elon Musk,Hyperloop,LINKS_TO,,0
Elon Musk,Họa sĩ truyện tranh,LINKS_TO,,0
Elon Musk,Hồ sơ Twitter,LINKS_TO,,0
Elon Musk,Hồ sơ điện ảnh của Elon Musk,LINKS_TO,,0
Elon Musk,Hộ chiếu,LINKS_TO,,0
Elon Musk,ISBN,LINKS_TO,,0
Elon Musk,ISSN,LINKS_TO,,0
Elon Musk,Inc Magazine,LINKS_TO,,0
Elon Musk,Internet Movie Database,LINKS_TO,,0
Elon Musk,Iosif Vissarionovich Stalin,LINKS_TO,,0
Elon Musk,Iron Man,LINKS_TO,,0
Elon Musk,Isaac Asimov,LINKS_TO,,0
Elon Musk,Isidor Isaac Rabi,LINKS_TO,,0
Elon Musk,Issac Asimov,LINKS_TO,,0
Elon Musk,JB Straubel,LINKS_TO,,0
Elon Musk,Jamal Khashoggi,LINKS_TO,,0
Elon Musk,James F. Byrnes,LINKS_TO,,0
Elon Musk,James Van Allen,LINKS_TO,,0
Elon Musk,Jeff Bezos,LINKS_TO,,0
Elon Musk,Jill Ker Conway,LINKS_TO,,0
Elon Musk,Jim Lovell,LINKS_TO,,0
Elon Musk,Jimmy Carter,LINKS_TO,,0
Elon Musk,Joe Biden,LINKS_TO,,0
Elon Musk,Joe Rogan,LINKS_TO,,0
Elon Musk,John F. Kennedy,LINKS_TO,,0
Elon Musk,John Foster Dulles,LINKS_TO,,0
Elon Musk,John Franklin Enders,LINKS_TO,,0
Elon Musk,John Sirica,LINKS_TO,,0
Elon Musk,Joshua Lederberg,LINKS_TO,,0
Elon Musk,Justine Musk,LINKS_TO,,0
Elon Musk,KW,LINKS_TO,,0
Elon Musk,Kamala Harris,LINKS_TO,,0
Elon Musk,Kanye West,LINKS_TO,,0
Elon Musk,Kathleen Byerly,LINKS_TO,,0
Elon Musk,Kenneth Starr,LINKS_TO,,0
Elon Musk,Kent Brantly,LINKS_TO,,0
Elon Musk,Khoa học vật liệu,LINKS_TO,,0
Elon Musk,Khán thính giả,LINKS_TO,,0
Elon Musk,Không quân Hoa Kỳ,LINKS_TO,,0
Elon Musk,Khủng hoảng nước Flint,LINKS_TO,,0
Elon Musk,Kimbal Musk,LINKS_TO,,0
Elon Musk,Kinh tế,LINKS_TO,,0
Elon Musk,Kiểm soát tính nhất quán,LINKS_TO,,0
Elon Musk,Kiểu chào La Mã,LINKS_TO,,0
Elon Musk,Kiểu chào Quốc xã,LINKS_TO,,0
Elon Musk,Konrad Adenauer,LINKS_TO,,0
Elon Musk,Kurier,LINKS_TO,,0
Elon Musk,Kyaw Soe Oo,LINKS_TO,,0
Elon Musk,Kỹ sư,LINKS_TO,,0
Elon Musk,Lech Wałęsa,LINKS_TO,,0
Elon Musk,Li Keqiang,LINKS_TO,,0
Elon Musk,Linus Pauling,LINKS_TO,,0
Elon Musk,Liên đoàn Chống Phỉ báng,LINKS_TO,,0
Elon Musk,Liên đoàn Hàng không Quốc tế,LINKS_TO,,0
Elon Musk,Los Angeles,LINKS_TO,,0
Elon Musk,Ludicrous: The Unvarnished Story of Tesla Motors,LINKS_TO,,0
Elon Musk,Ly hôn,LINKS_TO,,0
Elon Musk,Lyndon B. Johnson,LINKS_TO,,0
Elon Musk,Lyndon Rive,LINKS_TO,,0
Elon Musk,Lập trình máy tính,LINKS_TO,,0
Elon Musk,Lễ nhậm chức nhiệm kỳ hai của Donald Trump,LINKS_TO,,0
Elon Musk,Lịch sử của Tesla Inc.,LINKS_TO,,0
Elon Musk,Lịch sử phụ nữ tại Hoa Kỳ,LINKS_TO,,0
Elon Musk,Lọc nước,LINKS_TO,,0
Elon Musk,MIT Technology Review,LINKS_TO,,0
Elon Musk,Macaca,LINKS_TO,,0
Elon Musk,Mahatma Gandhi,LINKS_TO,,0
Elon Musk,Marc Tarpening,LINKS_TO,,0
Elon Musk,Marc Tarpenning,LINKS_TO,,0
Elon Musk,Maria Ressa,LINKS_TO,,0
Elon Musk,Mark Zuckerberg,LINKS_TO,,0
Elon Musk,Martin Eberhard,LINKS_TO,,0
Elon Musk,Martin Luther King,LINKS_TO,,0
Elon Musk,Maye Musk,LINKS_TO,,0
Elon Musk,Mayra Flores,LINKS_TO,,0
Elon Musk,Melinda Gates,LINKS_TO,,0
Elon Musk,Members Only (South Park),LINKS_TO,,0
Elon Musk,Mercedes-Benz,LINKS_TO,,0
Elon Musk,Mercedes-Benz A-Class,LINKS_TO,,0
Elon Musk,Mercedes-Benz B-Class,LINKS_TO,,0
Elon Musk,Mercury News,LINKS_TO,,0
Elon Musk,Middle America,LINKS_TO,,0
Elon Musk,Mikhail Sergeyevich Gorbachyov,LINKS_TO,,0
Elon Musk,Mohammad Mosaddegh,LINKS_TO,,0
Elon Musk,Musk Foundation,LINKS_TO,,0
Elon Musk,Máy tính cá nhân,LINKS_TO,,0
Elon Musk,Mã nguồn,LINKS_TO,,0
Elon Musk,Mùa xuân Ả Rập,LINKS_TO,,0
Elon Musk,NASA,LINKS_TO,,0
Elon Musk,NBC News,LINKS_TO,,0
Elon Musk,Narendra Modi,LINKS_TO,,0
Elon Musk,Nebraska,LINKS_TO,,0
Elon Musk,Nelson Mandela,LINKS_TO,,0
Elon Musk,Neuralink,LINKS_TO,,0
Elon Musk,New York Times,LINKS_TO,,0
Elon Musk,Newt Gingrich,LINKS_TO,,0
Elon Musk,Nexstar Media Group,LINKS_TO,,0
Elon Musk,Người Sắt 2,LINKS_TO,,0
Elon Musk,Người Ukraina,LINKS_TO,,0
Elon Musk,Người bỏ phiếu độc lập,LINKS_TO,,0
Elon Musk,Người da trắng thượng đẳng,LINKS_TO,,0
Elon Musk,Người mẫu,LINKS_TO,,0
Elon Musk,Người tố giác,LINKS_TO,,0
Elon Musk,Nhà kính,LINKS_TO,,0
Elon Musk,Nhà làm phim,LINKS_TO,,0
Elon Musk,Nhân loại,LINKS_TO,,0
Elon Musk,Nhân vật của năm (tạp chí Time),LINKS_TO,,0
Elon Musk,Nhật Bản,LINKS_TO,,0
Elon Musk,Nikita Sergeyevich Khrushchyov,LINKS_TO,,0
Elon Musk,Nikola Tesla,LINKS_TO,,0
Elon Musk,Năng lượng,LINKS_TO,,0
Elon Musk,Năng lượng mặt trời,LINKS_TO,,0
Elon Musk,OCLC,LINKS_TO,,0
Elon Musk,One Crew over the Crewcoo's Morty,LINKS_TO,,0
Elon Musk,Ontario,LINKS_TO,,0
Elon Musk,OpenAI,LINKS_TO,,0
Elon Musk,Owen D. Young,LINKS_TO,,0
Elon Musk,P2P,LINKS_TO,,0
Elon Musk,PMC,LINKS_TO,,0
Elon Musk,Palo Alto,LINKS_TO,,0
Elon Musk,PayPal,LINKS_TO,,0
Elon Musk,Peter Ueberroth,LINKS_TO,,0
Elon Musk,Phi công,LINKS_TO,,0
Elon Musk,Phong trào Me Too,LINKS_TO,,0
Elon Musk,Phong trào chối bỏ tuyển cử tại Hoa Kỳ,LINKS_TO,,0
Elon Musk,Phát xít Ý,LINKS_TO,,0
Elon Musk,Phản ứng đối với dịch do virus Ebola ở Tây Phi,LINKS_TO,,0
Elon Musk,Pierre Laval,LINKS_TO,,0
Elon Musk,Podcast,LINKS_TO,,0
Elon Musk,"Power Play: Tesla, Elon Musk, and the Bet of the Century",LINKS_TO,,0
Elon Musk,Pretoria,LINKS_TO,,0
Elon Musk,Quan điểm của Elon Musk,LINKS_TO,,0
Elon Musk,QuickTime,LINKS_TO,,0
Elon Musk,Quân đội Hoa Kỳ,LINKS_TO,,0
Elon Musk,Regolith,LINKS_TO,,0
Elon Musk,Return to Space,LINKS_TO,,0
Elon Musk,Reuters,LINKS_TO,,0
Elon Musk,Rheinische Post,LINKS_TO,,0
Elon Musk,Richard Nixon,LINKS_TO,,0
Elon Musk,Robert Burns Woodward,LINKS_TO,,0
Elon Musk,Robert F. Kennedy Jr.,LINKS_TO,,0
Elon Musk,Ron DeSantis,LINKS_TO,,0
Elon Musk,Ronald Reagan,LINKS_TO,,0
Elon Musk,Rudy Giuliani,LINKS_TO,,0
Elon Musk,Ruhollah Khomeini,LINKS_TO,,0
Elon Musk,Rừng nhiệt đới Amazon,LINKS_TO,,0
Elon Musk,Sal Khan,LINKS_TO,,0
Elon Musk,Sam Denby,LINKS_TO,,0
Elon Musk,San Francisco,LINKS_TO,,0
Elon Musk,Sao Hỏa,LINKS_TO,,0
Elon Musk,Saskatchewan,LINKS_TO,,0
Elon Musk,Sherron Watkins,LINKS_TO,,0
Elon Musk,Simon Wiesenthal Center,LINKS_TO,,0
Elon Musk,Sinh ba,LINKS_TO,,0
Elon Musk,Smart electric drive,LINKS_TO,,0
Elon Musk,SolarCity,LINKS_TO,,0
Elon Musk,SpaceX,LINKS_TO,,0
Elon Musk,SpaceX Dragon,LINKS_TO,,0
Elon Musk,SpaceX Starship,LINKS_TO,,0
Elon Musk,Starlink,LINKS_TO,,0
Elon Musk,Susan Brownmiller,LINKS_TO,,0
Elon Musk,Susie Sharp,LINKS_TO,,0
Elon Musk,Süddeutsche Zeitung,LINKS_TO,,0
Elon Musk,"Sōma, Fukushima",LINKS_TO,,0
Elon Musk,"Sự chỉ trích đối với Tesla, Inc.",LINKS_TO,,0
Elon Musk,Sự giàu có của Elon Musk,LINKS_TO,,0
Elon Musk,Sự kiện năm 1956 ở Hungary,LINKS_TO,,0
Elon Musk,TSLAQ,LINKS_TO,,0
Elon Musk,Talulah Riley,LINKS_TO,,0
Elon Musk,Taylor Swift,LINKS_TO,,0
Elon Musk,Ted Turner,LINKS_TO,,0
Elon Musk,"Tesla, Inc.",LINKS_TO,,0
Elon Musk,Tesla Autopilot,LINKS_TO,,0
Elon Musk,Tesla Energy,LINKS_TO,,0
Elon Musk,Tesla Factory,LINKS_TO,,0
Elon Musk,Tesla Model 3,LINKS_TO,,0
Elon Musk,Tesla Model S,LINKS_TO,,0
Elon Musk,Tesla Model X,LINKS_TO,,0
Elon Musk,Tesla Powerwall,LINKS_TO,,0
Elon Musk,Tesla Roadster,LINKS_TO,,0
Elon Musk,Tesla Roadster (2008),LINKS_TO,,0
Elon Musk,Tesla Roadster (2020),LINKS_TO,,0
Elon Musk,Tesla Roadster của Elon Musk,LINKS_TO,,0
Elon Musk,Tesla Semi,LINKS_TO,,0
Elon Musk,Tesla Solar Roof,LINKS_TO,,0
Elon Musk,Tesla và các công đoàn,LINKS_TO,,0
Elon Musk,The Boring Company,LINKS_TO,,0
Elon Musk,The Daily Telegraph,LINKS_TO,,0
Elon Musk,The Fader,LINKS_TO,,0
Elon Musk,The Guardian,LINKS_TO,,0
Elon Musk,The Hill (báo),LINKS_TO,,0
Elon Musk,The Huffington Post,LINKS_TO,,0
Elon Musk,The Jerusalem Post,LINKS_TO,,0
Elon Musk,The Joe Rogan Experience,LINKS_TO,,0
Elon Musk,The Mercury News,LINKS_TO,,0
Elon Musk,The Musk Who Fell to Earth,LINKS_TO,,0
Elon Musk,The New York Times,LINKS_TO,,0
Elon Musk,The Platonic Permutation,LINKS_TO,,0
Elon Musk,The Try Guys,LINKS_TO,,0
Elon Musk,The Verge,LINKS_TO,,0
Elon Musk,The Washington Post,LINKS_TO,,0
Elon Musk,Thud (công ty truyền thông),LINKS_TO,,0
Elon Musk,Thud (media company),LINKS_TO,,0
Elon Musk,Thung lũng Silicon,LINKS_TO,,0
Elon Musk,Thuyết âm mưu,LINKS_TO,,0
Elon Musk,Thời đại bùng nổ internet,LINKS_TO,,0
Elon Musk,Thụ tinh trong ống nghiệm,LINKS_TO,,0
Elon Musk,Time,LINKS_TO,,0
Elon Musk,Time (tạp chí),LINKS_TO,,0
Elon Musk,Tony Stark,LINKS_TO,,0
Elon Musk,Tosca Musk,LINKS_TO,,0
Elon Musk,Toyota,LINKS_TO,,0
Elon Musk,Toyota RAV4 EV,LINKS_TO,,0
Elon Musk,Tranh chấp đại lý Tesla Mỹ,LINKS_TO,,0
Elon Musk,Tranh cãi về cử chỉ của Elon Musk,LINKS_TO,,0
Elon Musk,Transvaal (tỉnh),LINKS_TO,,0
Elon Musk,Trung Quốc,LINKS_TO,,0
Elon Musk,Trung tâm khoa học Tesla tại Wardenclyffe,LINKS_TO,,0
Elon Musk,Truyền thông,LINKS_TO,,0
Elon Musk,Trí tuệ nhân tạo,LINKS_TO,,0
Elon Musk,Trạm sạc điện Tesla,LINKS_TO,,0
Elon Musk,Trạm vũ trụ Quốc tế,LINKS_TO,,0
Elon Musk,Tweet (mạng xã hội),LINKS_TO,,0
Elon Musk,Twitter,LINKS_TO,,0
Elon Musk,"Twitter, Inc.",LINKS_TO,,0
Elon Musk,Twitter Spaces,LINKS_TO,,0
Elon Musk,Twitter dưới thời Elon Musk,LINKS_TO,,0
Elon Musk,Tàu vũ trụ Soyuz,LINKS_TO,,0
Elon Musk,Tái phân chia khu vực bầu cử,LINKS_TO,,0
Elon Musk,Tân Quốc xã,LINKS_TO,,0
Elon Musk,Tưởng Giới Thạch,LINKS_TO,,0
Elon Musk,Tối cao Pháp viện Wisconsin,LINKS_TO,,0
Elon Musk,Tống Mỹ Linh,LINKS_TO,,0
Elon Musk,Tổ chức phi lợi nhuận,LINKS_TO,,0
Elon Musk,Tổng giám đốc điều hành,LINKS_TO,,0
Elon Musk,Vanity Fair (tạp chí),LINKS_TO,,0
Elon Musk,VentureBeat,LINKS_TO,,0
Elon Musk,Video game,LINKS_TO,,0
Elon Musk,Vivek Ramaswamy,LINKS_TO,,0
Elon Musk,Vladimir Vladimirovich Putin,LINKS_TO,,0
Elon Musk,Volodymyr Oleksandrovych Zelenskyy,LINKS_TO,,0
Elon Musk,Vox Media,LINKS_TO,,0
Elon Musk,Vấn đề pháp lý cá nhân và kinh doanh của Elon Musk,LINKS_TO,,0
Elon Musk,Vận tốc âm thanh,LINKS_TO,,0
Elon Musk,Vật lý,LINKS_TO,,0
Elon Musk,Vụ xả súng Capital Gazette,LINKS_TO,,0
Elon Musk,Vụ ám sát bất thành Donald Trump,LINKS_TO,,0
Elon Musk,Wa Lone,LINKS_TO,,0
Elon Musk,Wallis Simpson,LINKS_TO,,0
Elon Musk,Walter Chrysler,LINKS_TO,,0
Elon Musk,Wayback Machine,LINKS_TO,,0
Elon Musk,Wet Nellie,LINKS_TO,,0
Elon Musk,Wikiquote,LINKS_TO,,0
Elon Musk,Willard Libby,LINKS_TO,,0
Elon Musk,William Anders,LINKS_TO,,0
Elon Musk,William Shockley,LINKS_TO,,0
Elon Musk,William Westmoreland,LINKS_TO,,0
Elon Musk,Willy Brandt,LINKS_TO,,0
Elon Musk,Winston Churchill,LINKS_TO,,0
Elon Musk,X.com,LINKS_TO,,0
Elon Musk,X.com (bank),LINKS_TO,,0
Elon Musk,X.com (ngân hàng),LINKS_TO,,0
Elon Musk,XAI (company),LINKS_TO,,0
Elon Musk,XAI (công ty),LINKS_TO,,0
Elon Musk,X (mạng xã hội),LINKS_TO,,0
Elon Musk,X Corp.,LINKS_TO,,0
Elon Musk,Xì gà,LINKS_TO,,0
Elon Musk,Yasser Arafat,LINKS_TO,,0
Elon Musk,Yitzhak Rabin,LINKS_TO,,0
Elon Musk,YouGov,LINKS_TO,,0
Elon Musk,YouTube,LINKS_TO,,0
Elon Musk,Yuri Andropov,LINKS_TO,,0
Elon Musk,Zip2,LINKS_TO,,0
Elon Musk,Điều 86a của Strafgesetzbuch,LINKS_TO,,0
Elon Musk,Điện phân,LINKS_TO,,0
Elon Musk,Đô la Mỹ,LINKS_TO,,0
Elon Musk,Đại học Pennsylvania,LINKS_TO,,0
Elon Musk,Đại học Stanford,LINKS_TO,,0
Elon Musk,Đại học Surrey,LINKS_TO,,0
Elon Musk,Đạo luật Build Back Better,LINKS_TO,,0
Elon Musk,Đảng Cộng hòa (Hoa Kỳ),LINKS_TO,,0
Elon Musk,Đảng Dân chủ (Hoa Kỳ),LINKS_TO,,0
Elon Musk,Đảng Nước Mỹ,LINKS_TO,,0
Elon Musk,Đặng Tiểu Bình,LINKS_TO,,0
Elon Musk,Động cơ tên lửa,LINKS_TO,,0
Elon Musk,Động cơ điện,LINKS_TO,,0
Elon Musk,Động đất và sóng thần Tōhoku 2011,LINKS_TO,,0
Elon Musk,Ấn Độ,LINKS_TO,,0
Elon Musk,Ốc đảo Sao Hỏa,LINKS_TO,,0
Elon Musk,Ủy ban Giao dịch và Chứng khoán Hoa Kỳ,LINKS_TO,,0
Jim Lovell,Apollo 13,LINKS_TO,,0
Jim Lovell,Apollo 8,LINKS_TO,,0
Jim Lovell,Cleveland,LINKS_TO,,0
Jim Lovell,Cử nhân Khoa học,LINKS_TO,,0
Jim Lovell,Frank Borman,LINKS_TO,,0
Jim Lovell,Gemini 12,LINKS_TO,,0
Jim Lovell,Gemini 7,LINKS_TO,,0
Jim Lovell,Hoa Kỳ,LINKS_TO,,0
Jim Lovell,Hải quân Hoa Kỳ,LINKS_TO,,0
Jim Lovell,Học viện Hải quân Hoa Kỳ,LINKS_TO,,0
Jim Lovell,LCCN,LINKS_TO,,0
Jim Lovell,"Lake Forest, Illinois",LINKS_TO,,0
Jim Lovell,Mặt Trăng,LINKS_TO,,0
Jim Lovell,NASA Astronaut Group 2,LINKS_TO,,0
Jim Lovell,OCLC,LINKS_TO,,0
Jim Lovell,VFA-101,LINKS_TO,,0
Jim Lovell,VFAW-3,LINKS_TO,,0
Jim Lovell,Đại học Wisconsin–Madison,LINKS_TO,,0
Jim Lovell,Đại tá,LINKS_TO,,0
